{
  "canonicalName": "Cloud Identity",
  "auth": {
    "oauth2": {
      "scopes": {
        "https://www.googleapis.com/auth/cloud-identity.groups.readonly": {
          "description": "See any Cloud Identity Groups that you can access, including group members and their emails"
        },
        "https://www.googleapis.com/auth/cloud-identity.groups": {
          "description": "See, change, create, and delete any of the Cloud Identity Groups that you can access, including the members of each group"
        }
      }
    }
  },
  "rootUrl": "https://cloudidentity.googleapis.com/",
  "ownerDomain": "google.com",
  "name": "cloudidentity",
  "batchPath": "batch",
  "fullyEncodeReservedExpansion": true,
  "title": "Cloud Identity API",
  "ownerName": "Google",
  "resources": {
    "groups": {
      "methods": {
        "create": {
          "id": "cloudidentity.groups.create",
          "path": "v1beta1/groups",
          "description": "Creates a Group.",
          "request": {
            "$ref": "Group"
          },
          "httpMethod": "POST",
          "parameterOrder": [],
          "response": {
            "$ref": "Operation"
          },
          "parameters": {},
          "scopes": [
            "https://www.googleapis.com/auth/cloud-identity.groups"
          ],
          "flatPath": "v1beta1/groups"
        },
        "lookup": {
          "httpMethod": "GET",
          "parameterOrder": [],
          "response": {
            "$ref": "LookupGroupNameResponse"
          },
          "scopes": [
            "https://www.googleapis.com/auth/cloud-identity.groups",
            "https://www.googleapis.com/auth/cloud-identity.groups.readonly"
          ],
          "parameters": {
            "groupKey.id": {
              "type": "string",
              "location": "query",
              "description": "The id of the entity within the given namespace. The id must be unique\nwithin its namespace."
            },
            "groupKey.namespace": {
              "location": "query",
              "description": "Namespaces provide isolation for ids, i.e an id only needs to be unique\nwithin its namespace.\n\nNamespaces are currently only created as part of IdentitySource creation\nfrom Admin Console. A namespace `\"identitysources/{identity_source_id}\"` is\ncreated corresponding to every Identity Source `identity_source_id`.",
              "type": "string"
            }
          },
          "flatPath": "v1beta1/groups:lookup",
          "id": "cloudidentity.groups.lookup",
          "path": "v1beta1/groups:lookup",
          "description": "Looks up [resource\nname](https://cloud.google.com/apis/design/resource_names) of a Group by\nits EntityKey."
        },
        "search": {
          "description": "Searches for Groups.",
          "response": {
            "$ref": "SearchGroupsResponse"
          },
          "parameterOrder": [],
          "httpMethod": "GET",
          "scopes": [
            "https://www.googleapis.com/auth/cloud-identity.groups",
            "https://www.googleapis.com/auth/cloud-identity.groups.readonly"
          ],
          "parameters": {
            "pageToken": {
              "location": "query",
              "description": "The next_page_token value returned from a previous search request, if any.",
              "type": "string"
            },
            "pageSize": {
              "description": "The default page size is 200 (max 1000) for the BASIC view, and 50\n(max 500) for the FULL view.",
              "format": "int32",
              "type": "integer",
              "location": "query"
            },
            "query": {
              "description": "Query string for performing search on groups.\nUsers can search on namespace and label attributes of groups.\nEXACT match ('=') is supported on namespace, and CONTAINS match (':') is\nsupported on labels. This is a `required` field.\nMultiple queries can be combined using `AND` operator. The operator is case\nsensitive.\nAn example query would be:\n\"namespace=\u003cnamespace_value\u003e AND labels:\u003clabels_value\u003e\".",
              "type": "string",
              "location": "query"
            },
            "view": {
              "location": "query",
              "enum": [
                "BASIC",
                "FULL"
              ],
              "description": "Group resource view to be returned. Defaults to [GroupView.BASIC]().",
              "type": "string"
            }
          },
          "flatPath": "v1beta1/groups:search",
          "path": "v1beta1/groups:search",
          "id": "cloudidentity.groups.search"
        },
        "get": {
          "httpMethod": "GET",
          "parameterOrder": [
            "name"
          ],
          "response": {
            "$ref": "Group"
          },
          "scopes": [
            "https://www.googleapis.com/auth/cloud-identity.groups",
            "https://www.googleapis.com/auth/cloud-identity.groups.readonly"
          ],
          "parameters": {
            "name": {
              "description": "[Resource name](https://cloud.google.com/apis/design/resource_names) of the\nGroup in the format: `groups/{group_id}`, where `group_id` is the unique id\nassigned to the Group.",
              "required": true,
              "type": "string",
              "pattern": "^groups/[^/]+$",
              "location": "path"
            }
          },
          "flatPath": "v1beta1/groups/{groupsId}",
          "id": "cloudidentity.groups.get",
          "path": "v1beta1/{+name}",
          "description": "Retrieves a Group."
        },
        "patch": {
          "path": "v1beta1/{+name}",
          "id": "cloudidentity.groups.patch",
          "request": {
            "$ref": "Group"
          },
          "description": "Updates a Group.",
          "response": {
            "$ref": "Operation"
          },
          "parameterOrder": [
            "name"
          ],
          "httpMethod": "PATCH",
          "scopes": [
            "https://www.googleapis.com/auth/cloud-identity.groups"
          ],
          "parameters": {
            "name": {
              "required": true,
              "type": "string",
              "pattern": "^groups/[^/]+$",
              "location": "path",
              "description": "[Resource name](https://cloud.google.com/apis/design/resource_names) of the\nGroup in the format: `groups/{group_id}`, where group_id is the unique id\nassigned to the Group.\n\nMust be left blank while creating a Group"
            },
            "updateMask": {
              "type": "string",
              "location": "query",
              "description": "Editable fields: `display_name`, `description`",
              "format": "google-fieldmask"
            }
          },
          "flatPath": "v1beta1/groups/{groupsId}"
        },
        "delete": {
          "description": "Deletes a Group.",
          "httpMethod": "DELETE",
          "response": {
            "$ref": "Operation"
          },
          "parameterOrder": [
            "name"
          ],
          "parameters": {
            "name": {
              "location": "path",
              "description": "[Resource name](https://cloud.google.com/apis/design/resource_names) of the\nGroup in the format: `groups/{group_id}`, where `group_id` is the unique id\nassigned to the Group.",
              "required": true,
              "type": "string",
              "pattern": "^groups/[^/]+$"
            }
          },
          "scopes": [
            "https://www.googleapis.com/auth/cloud-identity.groups"
          ],
          "flatPath": "v1beta1/groups/{groupsId}",
          "id": "cloudidentity.groups.delete",
          "path": "v1beta1/{+name}"
        }
      },
      "resources": {
        "memberships": {
          "methods": {
            "delete": {
              "response": {
                "$ref": "Operation"
              },
              "parameterOrder": [
                "name"
              ],
              "httpMethod": "DELETE",
              "scopes": [
                "https://www.googleapis.com/auth/cloud-identity.groups"
              ],
              "parameters": {
                "name": {
                  "description": "[Resource name](https://cloud.google.com/apis/design/resource_names) of the\nMembership to be deleted.\n\nFormat: `groups/{group_id}/memberships/{member_id}`, where `group_id` is\nthe unique id assigned to the Group to which Membership belongs to, and\nmember_id is the unique id assigned to the member.",
                  "required": true,
                  "type": "string",
                  "pattern": "^groups/[^/]+/memberships/[^/]+$",
                  "location": "path"
                }
              },
              "flatPath": "v1beta1/groups/{groupsId}/memberships/{membershipsId}",
              "path": "v1beta1/{+name}",
              "id": "cloudidentity.groups.memberships.delete",
              "description": "Deletes a Membership."
            },
            "get": {
              "httpMethod": "GET",
              "response": {
                "$ref": "Membership"
              },
              "parameterOrder": [
                "name"
              ],
              "parameters": {
                "name": {
                  "description": "[Resource name](https://cloud.google.com/apis/design/resource_names) of the\nMembership to be retrieved.\n\nFormat: `groups/{group_id}/memberships/{member_id}`, where `group_id` is\nthe unique id assigned to the Group to which Membership belongs to, and\n`member_id` is the unique id assigned to the member.",
                  "required": true,
                  "type": "string",
                  "pattern": "^groups/[^/]+/memberships/[^/]+$",
                  "location": "path"
                }
              },
              "scopes": [
                "https://www.googleapis.com/auth/cloud-identity.groups",
                "https://www.googleapis.com/auth/cloud-identity.groups.readonly"
              ],
              "flatPath": "v1beta1/groups/{groupsId}/memberships/{membershipsId}",
              "id": "cloudidentity.groups.memberships.get",
              "path": "v1beta1/{+name}",
              "description": "Retrieves a Membership."
            },
            "list": {
              "description": "List Memberships within a Group.",
              "httpMethod": "GET",
              "parameterOrder": [
                "parent"
              ],
              "response": {
                "$ref": "ListMembershipsResponse"
              },
              "parameters": {
                "pageToken": {
                  "location": "query",
                  "description": "The next_page_token value returned from a previous list request, if any",
                  "type": "string"
                },
                "pageSize": {
                  "type": "integer",
                  "location": "query",
                  "description": "The default page size is 200 (max 1000) for the BASIC view, and 50\n(max 500) for the FULL view.",
                  "format": "int32"
                },
                "view": {
                  "type": "string",
                  "location": "query",
                  "enum": [
                    "BASIC",
                    "FULL"
                  ],
                  "description": "Membership resource view to be returned. Defaults to MembershipView.BASIC."
                },
                "parent": {
                  "required": true,
                  "type": "string",
                  "pattern": "^groups/[^/]+$",
                  "location": "path",
                  "description": "[Resource name](https://cloud.google.com/apis/design/resource_names) of the\nGroup to list Memberships within.\n\nFormat: `groups/{group_id}`, where `group_id` is the unique id assigned to\nthe Group."
                }
              },
              "scopes": [
                "https://www.googleapis.com/auth/cloud-identity.groups",
                "https://www.googleapis.com/auth/cloud-identity.groups.readonly"
              ],
              "flatPath": "v1beta1/groups/{groupsId}/memberships",
              "id": "cloudidentity.groups.memberships.list",
              "path": "v1beta1/{+parent}/memberships"
            },
            "create": {
              "scopes": [
                "https://www.googleapis.com/auth/cloud-identity.groups"
              ],
              "parameters": {
                "parent": {
                  "pattern": "^groups/[^/]+$",
                  "location": "path",
                  "description": "[Resource name](https://cloud.google.com/apis/design/resource_names) of the\nGroup to create Membership within. Format: `groups/{group_id}`, where\n`group_id` is the unique id assigned to the Group.",
                  "required": true,
                  "type": "string"
                }
              },
              "flatPath": "v1beta1/groups/{groupsId}/memberships",
              "path": "v1beta1/{+parent}/memberships",
              "id": "cloudidentity.groups.memberships.create",
              "request": {
                "$ref": "Membership"
              },
              "description": "Creates a Membership.",
              "response": {
                "$ref": "Operation"
              },
              "parameterOrder": [
                "parent"
              ],
              "httpMethod": "POST"
            },
            "lookup": {
              "description": "Looks up [resource\nname](https://cloud.google.com/apis/design/resource_names) of a Membership\nwithin a Group by member's EntityKey.",
              "httpMethod": "GET",
              "response": {
                "$ref": "LookupMembershipNameResponse"
              },
              "parameterOrder": [
                "parent"
              ],
              "parameters": {
                "parent": {
                  "location": "path",
                  "description": "[Resource name](https://cloud.google.com/apis/design/resource_names) of the\nGroup to lookup Membership within.\n\nFormat: `groups/{group_id}`, where `group_id` is the unique id assigned to\nthe Group.",
                  "required": true,
                  "type": "string",
                  "pattern": "^groups/[^/]+$"
                },
                "memberKey.id": {
                  "location": "query",
                  "description": "The id of the entity within the given namespace. The id must be unique\nwithin its namespace.",
                  "type": "string"
                },
                "memberKey.namespace": {
                  "location": "query",
                  "description": "Namespaces provide isolation for ids, i.e an id only needs to be unique\nwithin its namespace.\n\nNamespaces are currently only created as part of IdentitySource creation\nfrom Admin Console. A namespace `\"identitysources/{identity_source_id}\"` is\ncreated corresponding to every Identity Source `identity_source_id`.",
                  "type": "string"
                }
              },
              "scopes": [
                "https://www.googleapis.com/auth/cloud-identity.groups",
                "https://www.googleapis.com/auth/cloud-identity.groups.readonly"
              ],
              "flatPath": "v1beta1/groups/{groupsId}/memberships:lookup",
              "id": "cloudidentity.groups.memberships.lookup",
              "path": "v1beta1/{+parent}/memberships:lookup"
            }
          }
        }
      }
    }
  },
  "parameters": {
    "alt": {
      "default": "json",
      "enum": [
        "json",
        "media",
        "proto"
      ],
      "type": "string",
      "enumDescriptions": [
        "Responses with Content-Type of application/json",
        "Media download with context-dependent Content-Type",
        "Responses with Content-Type of application/x-protobuf"
      ],
      "location": "query",
      "description": "Data format for response."
    },
    "access_token": {
      "type": "string",
      "location": "query",
      "description": "OAuth access token."
    },
    "key": {
      "location": "query",
      "description": "API key. Your API key identifies your project and provides you with API access, quota, and reports. Required unless you provide an OAuth 2.0 token.",
      "type": "string"
    },
    "upload_protocol": {
      "location": "query",
      "description": "Upload protocol for media (e.g. \"raw\", \"multipart\").",
      "type": "string"
    },
    "prettyPrint": {
      "description": "Returns response with indentations and line breaks.",
      "type": "boolean",
      "default": "true",
      "location": "query"
    },
    "quotaUser": {
      "description": "Available to use for quota purposes for server-side applications. Can be any arbitrary string assigned to a user, but should not exceed 40 characters.",
      "type": "string",
      "location": "query"
    },
    "fields": {
      "type": "string",
      "location": "query",
      "description": "Selector specifying which fields to include in a partial response."
    },
    "uploadType": {
      "location": "query",
      "description": "Legacy upload protocol for media (e.g. \"media\", \"multipart\").",
      "type": "string"
    },
    "callback": {
      "location": "query",
      "description": "JSONP",
      "type": "string"
    },
    "oauth_token": {
      "location": "query",
      "description": "OAuth 2.0 token for the current user.",
      "type": "string"
    },
    "$.xgafv": {
      "location": "query",
      "enum": [
        "1",
        "2"
      ],
      "description": "V1 error format.",
      "type": "string",
      "enumDescriptions": [
        "v1 error format",
        "v2 error format"
      ]
    }
  },
  "version": "v1beta1",
  "baseUrl": "https://cloudidentity.googleapis.com/",
  "servicePath": "",
  "description": "API for provisioning and managing identity resources.",
  "kind": "discovery#restDescription",
  "basePath": "",
  "revision": "20190709",
  "documentationLink": "https://cloud.google.com/identity/",
  "id": "cloudidentity:v1beta1",
  "discoveryVersion": "v1",
  "version_module": true,
  "schemas": {
    "Status": {
      "type": "object",
      "properties": {
        "code": {
          "type": "integer",
          "description": "The status code, which should be an enum value of google.rpc.Code.",
          "format": "int32"
        },
        "message": {
          "type": "string",
          "description": "A developer-facing error message, which should be in English. Any\nuser-facing error message should be localized and sent in the\ngoogle.rpc.Status.details field, or localized by the client."
        },
        "details": {
          "description": "A list of messages that carry the error details.  There is a common set of\nmessage types for APIs to use.",
          "type": "array",
          "items": {
            "type": "object",
            "additionalProperties": {
              "description": "Properties of the object. Contains field @type with type URL.",
              "type": "any"
            }
          }
        }
      },
      "id": "Status",
      "description": "The `Status` type defines a logical error model that is suitable for\ndifferent programming environments, including REST APIs and RPC APIs. It is\nused by [gRPC](https://github.com/grpc). Each `Status` message contains\nthree pieces of data: error code, error message, and error details.\n\nYou can find out more about this error model and how to work with it in the\n[API Design Guide](https://cloud.google.com/apis/design/errors)."
    },
    "ListMembershipsResponse": {
      "type": "object",
      "properties": {
        "memberships": {
          "description": "List of Memberships",
          "type": "array",
          "items": {
            "$ref": "Membership"
          }
        },
        "nextPageToken": {
          "description": "Token to retrieve the next page of results, or empty if there are no\nmore results available for listing.",
          "type": "string"
        }
      },
      "id": "ListMembershipsResponse"
    },
    "Membership": {
      "description": "Resource representing a Membership within a Group",
      "type": "object",
      "properties": {
        "name": {
          "description": "[Resource name](https://cloud.google.com/apis/design/resource_names) of the\nMembership in the format: `groups/{group_id}/memberships/{member_id}`,\nwhere group_id is the unique id assigned to the Group to which Membership\nbelongs to, and member_id is the unique id assigned to the member\n\nMust be left blank while creating a Membership.",
          "type": "string"
        },
        "createTime": {
          "description": "Creation timestamp of the Membership.",
          "format": "google-datetime",
          "type": "string"
        },
        "memberKey": {
          "$ref": "EntityKey",
          "description": "EntityKey of the entity to be added as the member. Must be set while\ncreating a Membership, read-only afterwards.\n\nCurrently allowed entity types: `Users`, `Groups`."
        },
        "updateTime": {
          "description": "Last updated timestamp of the Membership.",
          "format": "google-datetime",
          "type": "string"
        },
        "roles": {
          "type": "array",
          "items": {
            "$ref": "MembershipRole"
          },
          "description": "Roles for a member within the Group.\n\nCurrently supported MembershipRoles: `\"MEMBER\"`."
        }
      },
      "id": "Membership"
    },
    "Group": {
      "description": "Resource representing a Group",
      "type": "object",
      "properties": {
        "description": {
          "type": "string",
          "description": "An extended description to help users determine the purpose of a Group. For\nexample, you can include information about who should join the Group, the\ntypes of messages to send to the Group, links to FAQs about the Group, or\nrelated Groups. Maximum length is 4,096 characters."
        },
        "displayName": {
          "description": "The Group's display name.",
          "type": "string"
        },
        "parent": {
          "type": "string",
          "description": "The entity under which this Group resides in Cloud Identity resource\nhierarchy. Must be set when creating a Group, read-only afterwards.\n\nCurrently allowed types: 'identitysources'."
        },
        "labels": {
          "type": "object",
          "additionalProperties": {
            "type": "string"
          },
          "description": "Labels for Group resource.\nRequired.\nFor creating Groups under a namespace, set label key to\n'labels/system/groups/external' and label value as empty."
        },
        "createTime": {
          "type": "string",
          "description": "The time when the Group was created.\nOutput only",
          "format": "google-datetime"
        },
        "updateTime": {
          "description": "The time when the Group was last updated.\nOutput only",
          "format": "google-datetime",
          "type": "string"
        },
        "name": {
          "description": "[Resource name](https://cloud.google.com/apis/design/resource_names) of the\nGroup in the format: `groups/{group_id}`, where group_id is the unique id\nassigned to the Group.\n\nMust be left blank while creating a Group",
          "type": "string"
        },
        "additionalGroupKeys": {
          "type": "array",
          "items": {
            "$ref": "EntityKey"
          },
          "description": "Optional. Additional entity key aliases for a Group"
        },
        "groupKey": {
          "$ref": "EntityKey",
          "description": "EntityKey of the Group.\n\nMust be set when creating a Group, read-only afterwards."
        }
      },
      "id": "Group"
    },
    "LookupMembershipNameResponse": {
      "type": "object",
      "properties": {
        "name": {
          "description": "[Resource name](https://cloud.google.com/apis/design/resource_names) of the\nMembership being looked up.\n\nFormat: `groups/{group_id}/memberships/{member_id}`, where `group_id` is\nthe unique id assigned to the Group to which Membership belongs to, and\n`member_id` is the unique id assigned to the member.",
          "type": "string"
        }
      },
      "id": "LookupMembershipNameResponse"
    },
    "Operation": {
      "type": "object",
      "properties": {
        "response": {
          "additionalProperties": {
            "description": "Properties of the object. Contains field @type with type URL.",
            "type": "any"
          },
          "description": "The normal response of the operation in case of success.  If the original\nmethod returns no data on success, such as `Delete`, the response is\n`google.protobuf.Empty`.  If the original method is standard\n`Get`/`Create`/`Update`, the response should be the resource.  For other\nmethods, the response should have the type `XxxResponse`, where `Xxx`\nis the original method name.  For example, if the original method name\nis `TakeSnapshot()`, the inferred response type is\n`TakeSnapshotResponse`.",
          "type": "object"
        },
        "name": {
          "description": "The server-assigned name, which is only unique within the same service that\noriginally returns it. If you use the default HTTP mapping, the\n`name` should be a resource name ending with `operations/{unique_id}`.",
          "type": "string"
        },
        "error": {
          "description": "The error result of the operation in case of failure or cancellation.",
          "$ref": "Status"
        },
        "metadata": {
          "type": "object",
          "additionalProperties": {
            "type": "any",
            "description": "Properties of the object. Contains field @type with type URL."
          },
          "description": "Service-specific metadata associated with the operation.  It typically\ncontains progress information and common metadata such as create time.\nSome services might not provide such metadata.  Any method that returns a\nlong-running operation should document the metadata type, if any."
        },
        "done": {
          "type": "boolean",
          "description": "If the value is `false`, it means the operation is still in progress.\nIf `true`, the operation is completed, and either `error` or `response` is\navailable."
        }
      },
      "id": "Operation",
      "description": "This resource represents a long-running operation that is the result of a\nnetwork API call."
    },
    "MembershipRole": {
      "type": "object",
      "properties": {
        "name": {
          "description": "MembershipRole in string format.\n\nCurrently supported MembershipRoles: `\"MEMBER\"`.",
          "type": "string"
        }
      },
      "id": "MembershipRole",
      "description": "Resource representing a role within a Membership."
    },
    "SearchGroupsResponse": {
      "id": "SearchGroupsResponse",
      "type": "object",
      "properties": {
        "groups": {
          "description": "List of Groups satisfying the search query.",
          "type": "array",
          "items": {
            "$ref": "Group"
          }
        },
        "nextPageToken": {
          "type": "string",
          "description": "Token to retrieve the next page of results, or empty if there are no\nmore results available for specified query."
        }
      }
    },
    "EntityKey": {
      "type": "object",
      "properties": {
        "id": {
          "description": "The id of the entity within the given namespace. The id must be unique\nwithin its namespace.",
          "type": "string"
        },
        "namespace": {
          "type": "string",
          "description": "Namespaces provide isolation for ids, i.e an id only needs to be unique\nwithin its namespace.\n\nNamespaces are currently only created as part of IdentitySource creation\nfrom Admin Console. A namespace `\"identitysources/{identity_source_id}\"` is\ncreated corresponding to every Identity Source `identity_source_id`."
        }
      },
      "id": "EntityKey",
      "description": "An EntityKey uniquely identifies an Entity. Namespaces are used to provide\nisolation for ids.  A single Id can be reused across namespaces but the\ncombination of a namespace and an id must be unique."
    },
    "LookupGroupNameResponse": {
      "type": "object",
      "properties": {
        "name": {
          "description": "[Resource name](https://cloud.google.com/apis/design/resource_names) of the\nGroup in the format: `groups/{group_id}`, where `group_id` is the unique id\nassigned to the Group.",
          "type": "string"
        }
      },
      "id": "LookupGroupNameResponse"
    }
  },
  "protocol": "rest",
  "icons": {
    "x16": "http://www.google.com/images/icons/product/search-16.gif",
    "x32": "http://www.google.com/images/icons/product/search-32.gif"
  }
}
