{
  "version_module": true,
  "schemas": {
    "ListOperationsResponse": {
      "description": "The response message for Operations.ListOperations.",
      "type": "object",
      "properties": {
        "nextPageToken": {
          "description": "The standard List next-page token.",
          "type": "string"
        },
        "operations": {
          "description": "A list of operations that matches the specified filter in the request.",
          "type": "array",
          "items": {
            "$ref": "Operation"
          }
        }
      },
      "id": "ListOperationsResponse"
    },
    "TimeSpan": {
      "description": "Start and end times for a build execution phase.",
      "type": "object",
      "properties": {
        "endTime": {
          "description": "End of time span.",
          "format": "google-datetime",
          "type": "string"
        },
        "startTime": {
          "description": "Start of time span.",
          "format": "google-datetime",
          "type": "string"
        }
      },
      "id": "TimeSpan"
    },
    "BuildOptions": {
      "description": "Optional arguments to enable specific features of builds.",
      "type": "object",
      "properties": {
        "substitutionOption": {
          "enumDescriptions": [
            "Fails the build if error in substitutions checks, like missing\na substitution in the template or in the map.",
            "Do not fail the build if error in substitutions checks."
          ],
          "enum": [
            "MUST_MATCH",
            "ALLOW_LOOSE"
          ],
          "description": "Option to specify behavior when there is an error in the substitution\nchecks.",
          "type": "string"
        },
        "requestedVerifyOption": {
          "enum": [
            "NOT_VERIFIED",
            "VERIFIED"
          ],
          "description": "Requested verifiability options.",
          "type": "string",
          "enumDescriptions": [
            "Not a verifiable build. (default)",
            "Verified build."
          ]
        },
        "diskSizeGb": {
          "description": "Requested disk size for the VM that runs the build. Note that this is *NOT*\n\"disk free\"; some of the space will be used by the operating system and\nbuild utilities. Also note that this is the minimum disk size that will be\nallocated for the build -- the build may run with a larger disk than\nrequested. At present, the maximum disk size is 1000GB; builds that request\nmore than the maximum are rejected with an error.",
          "format": "int64",
          "type": "string"
        },
        "sourceProvenanceHash": {
          "description": "Requested hash for SourceProvenance.",
          "type": "array",
          "items": {
            "type": "string",
            "enum": [
              "NONE",
              "SHA256",
              "MD5"
            ]
          },
          "enumDescriptions": [
            "No hash requested.",
            "Use a sha256 hash.",
            "Use a md5 hash."
          ]
        },
        "secretEnv": {
          "type": "array",
          "items": {
            "type": "string"
          },
          "description": "A list of global environment variables, which are encrypted using a Cloud\nKey Management Service crypto key. These values must be specified in the\nbuild's `Secret`. These variables will be available to all build steps\nin this build."
        },
        "volumes": {
          "type": "array",
          "items": {
            "$ref": "Volume"
          },
          "description": "Global list of volumes to mount for ALL build steps\n\nEach volume is created as an empty volume prior to starting the build\nprocess. Upon completion of the build, volumes and their contents are\ndiscarded. Global volume names and paths cannot conflict with the volumes\ndefined a build step.\n\nUsing a global volume in a build with only one step is not valid as\nit is indicative of a build request with an incorrect configuration."
        },
        "machineType": {
          "description": "Compute Engine machine type on which to run the build.",
          "type": "string",
          "enumDescriptions": [
            "Standard machine type.",
            "Highcpu machine with 8 CPUs.",
            "Highcpu machine with 32 CPUs."
          ],
          "enum": [
            "UNSPECIFIED",
            "N1_HIGHCPU_8",
            "N1_HIGHCPU_32"
          ]
        },
        "logStreamingOption": {
          "enumDescriptions": [
            "Service may automatically determine build log streaming behavior.",
            "Build logs should be streamed to Google Cloud Storage.",
            "Build logs should not be streamed to Google Cloud Storage; they will be\nwritten when the build is completed."
          ],
          "enum": [
            "STREAM_DEFAULT",
            "STREAM_ON",
            "STREAM_OFF"
          ],
          "description": "Option to define build log streaming behavior to Google Cloud\nStorage.",
          "type": "string"
        },
        "env": {
          "description": "A list of global environment variable definitions that will exist for all\nbuild steps in this build. If a variable is defined in both globally and in\na build step, the variable will use the build step value.\n\nThe elements are of the form \"KEY=VALUE\" for the environment variable \"KEY\"\nbeing given the value \"VALUE\".",
          "type": "array",
          "items": {
            "type": "string"
          }
        },
        "workerPool": {
          "description": "Option to specify a `WorkerPool` for the build. User specifies the pool\nwith the format \"[WORKERPOOL_PROJECT_ID]/[WORKERPOOL_NAME]\".\nThis is an experimental field.",
          "type": "string"
        },
        "logging": {
          "enumDescriptions": [
            "The service determines the logging mode. The default is `LEGACY`. Do not\nrely on the default logging behavior as it may change in the future.",
            "Stackdriver logging and Cloud Storage logging are enabled.",
            "Only Cloud Storage logging is enabled."
          ],
          "enum": [
            "LOGGING_UNSPECIFIED",
            "LEGACY",
            "GCS_ONLY"
          ],
          "description": "Option to specify the logging mode, which determines where the logs are\nstored.",
          "type": "string"
        }
      },
      "id": "BuildOptions"
    },
    "StorageSource": {
      "description": "Location of the source in an archive file in Google Cloud Storage.",
      "type": "object",
      "properties": {
        "bucket": {
          "description": "Google Cloud Storage bucket containing the source (see\n[Bucket Name\nRequirements](https://cloud.google.com/storage/docs/bucket-naming#requirements)).",
          "type": "string"
        },
        "object": {
          "description": "Google Cloud Storage object containing the source.\n\nThis object must be a gzipped archive file (`.tar.gz`) containing source to\nbuild.",
          "type": "string"
        },
        "generation": {
          "description": "Google Cloud Storage generation for the object. If the generation is\nomitted, the latest generation will be used.",
          "format": "int64",
          "type": "string"
        }
      },
      "id": "StorageSource"
    },
    "Results": {
      "type": "object",
      "properties": {
        "buildStepOutputs": {
          "description": "List of build step outputs, produced by builder images, in the order\ncorresponding to build step indices.\n\n[Cloud Builders](https://cloud.google.com/cloud-build/docs/cloud-builders)\ncan produce this output by writing to `$BUILDER_OUTPUT/output`.\nOnly the first 4KB of data is stored.",
          "type": "array",
          "items": {
            "format": "byte",
            "type": "string"
          }
        },
        "images": {
          "type": "array",
          "items": {
            "$ref": "BuiltImage"
          },
          "description": "Container images that were built as a part of the build."
        },
        "numArtifacts": {
          "description": "Number of artifacts uploaded. Only populated when artifacts are uploaded.",
          "format": "int64",
          "type": "string"
        },
        "artifactManifest": {
          "type": "string",
          "description": "Path to the artifact manifest. Only populated when artifacts are uploaded."
        },
        "buildStepImages": {
          "description": "List of build step digests, in the order corresponding to build step\nindices.",
          "type": "array",
          "items": {
            "type": "string"
          }
        },
        "artifactTiming": {
          "$ref": "TimeSpan",
          "description": "Time to push all non-container artifacts."
        }
      },
      "id": "Results",
      "description": "Artifacts created by the build pipeline."
    },
    "ArtifactObjects": {
      "type": "object",
      "properties": {
        "timing": {
          "description": "Output only. Stores timing information for pushing all artifact objects.",
          "$ref": "TimeSpan"
        },
        "location": {
          "description": "Cloud Storage bucket and optional object path, in the form\n\"gs://bucket/path/to/somewhere/\". (see [Bucket Name\nRequirements](https://cloud.google.com/storage/docs/bucket-naming#requirements)).\n\nFiles in the workspace matching any path pattern will be uploaded to\nCloud Storage with this location as a prefix.",
          "type": "string"
        },
        "paths": {
          "type": "array",
          "items": {
            "type": "string"
          },
          "description": "Path globs used to match files in the build's workspace."
        }
      },
      "id": "ArtifactObjects",
      "description": "Files in the workspace to upload to Cloud Storage upon successful\ncompletion of all build steps."
    },
    "PullRequestFilter": {
      "description": "PullRequestFilter contains filter properties for matching GitHub Pull\nRequests.",
      "type": "object",
      "properties": {
        "commentControl": {
          "description": "Whether to block builds on a \"/gcbrun\" comment from a repository owner or\ncollaborator.",
          "type": "string",
          "enumDescriptions": [
            "Do not require comments on Pull Requests before builds are triggered.",
            "Enforce that repository owners or collaborators must comment on Pull\nRequests before builds are triggered."
          ],
          "enum": [
            "COMMENTS_DISABLED",
            "COMMENTS_ENABLED"
          ]
        },
        "branch": {
          "description": "Regex of branches to match.\n\nThe syntax of the regular expressions accepted is the syntax accepted by\nRE2 and described at https://github.com/google/re2/wiki/Syntax",
          "type": "string"
        }
      },
      "id": "PullRequestFilter"
    },
    "ListBuildTriggersResponse": {
      "id": "ListBuildTriggersResponse",
      "description": "Response containing existing `BuildTriggers`.",
      "type": "object",
      "properties": {
        "triggers": {
          "description": "`BuildTriggers` for the project, sorted by `create_time` descending.",
          "type": "array",
          "items": {
            "$ref": "BuildTrigger"
          }
        },
        "nextPageToken": {
          "type": "string",
          "description": "Token to receive the next page of results."
        }
      }
    },
    "BuiltImage": {
      "type": "object",
      "properties": {
        "pushTiming": {
          "$ref": "TimeSpan",
          "description": "Output only. Stores timing information for pushing the specified image."
        },
        "name": {
          "description": "Name used to push the container image to Google Container Registry, as\npresented to `docker push`.",
          "type": "string"
        },
        "digest": {
          "description": "Docker Registry 2.0 digest.",
          "type": "string"
        }
      },
      "id": "BuiltImage",
      "description": "An image built by the pipeline."
    },
    "Hash": {
      "type": "object",
      "properties": {
        "value": {
          "type": "string",
          "description": "The hash value.",
          "format": "byte"
        },
        "type": {
          "type": "string",
          "enumDescriptions": [
            "No hash requested.",
            "Use a sha256 hash.",
            "Use a md5 hash."
          ],
          "enum": [
            "NONE",
            "SHA256",
            "MD5"
          ],
          "description": "The type of hash that was performed."
        }
      },
      "id": "Hash",
      "description": "Container message for hash values."
    },
    "Secret": {
      "description": "Pairs a set of secret environment variables containing encrypted\nvalues with the Cloud KMS key to use to decrypt the value.",
      "type": "object",
      "properties": {
        "kmsKeyName": {
          "description": "Cloud KMS key name to use to decrypt these envs.",
          "type": "string"
        },
        "secretEnv": {
          "description": "Map of environment variable name to its encrypted value.\n\nSecret environment variables must be unique across all of a build's\nsecrets, and must be used by at least one build step. Values can be at most\n64 KB in size. There can be at most 100 secret values across all of a\nbuild's secrets.",
          "type": "object",
          "additionalProperties": {
            "format": "byte",
            "type": "string"
          }
        }
      },
      "id": "Secret"
    },
    "Empty": {
      "description": "A generic empty message that you can re-use to avoid defining duplicated\nempty messages in your APIs. A typical example is to use it as the request\nor the response type of an API method. For instance:\n\n    service Foo {\n      rpc Bar(google.protobuf.Empty) returns (google.protobuf.Empty);\n    }\n\nThe JSON representation for `Empty` is empty JSON object `{}`.",
      "type": "object",
      "properties": {},
      "id": "Empty"
    },
    "PushFilter": {
      "description": "Push contains filter properties for matching GitHub git pushes.",
      "type": "object",
      "properties": {
        "branch": {
          "description": "Regexes of branches to match.\n\nThe syntax of the regular expressions accepted is the syntax accepted by\nRE2 and described at https://github.com/google/re2/wiki/Syntax",
          "type": "string"
        },
        "tag": {
          "description": "Regexes of tags to match.\n\nThe syntax of the regular expressions accepted is the syntax accepted by\nRE2 and described at https://github.com/google/re2/wiki/Syntax",
          "type": "string"
        }
      },
      "id": "PushFilter"
    },
    "Source": {
      "type": "object",
      "properties": {
        "storageSource": {
          "description": "If provided, get the source from this location in Google Cloud Storage.",
          "$ref": "StorageSource"
        },
        "repoSource": {
          "$ref": "RepoSource",
          "description": "If provided, get the source from this location in a Cloud Source\nRepository."
        }
      },
      "id": "Source",
      "description": "Location of the source in a supported storage service."
    },
    "RetryBuildRequest": {
      "id": "RetryBuildRequest",
      "description": "Specifies a build to retry.",
      "type": "object",
      "properties": {}
    },
    "ArtifactResult": {
      "id": "ArtifactResult",
      "description": "An artifact that was uploaded during a build. This\nis a single record in the artifact manifest JSON file.",
      "type": "object",
      "properties": {
        "fileHash": {
          "type": "array",
          "items": {
            "$ref": "FileHashes"
          },
          "description": "The file hash of the artifact."
        },
        "location": {
          "type": "string",
          "description": "The path of an artifact in a Google Cloud Storage bucket, with the\ngeneration number. For example,\n`gs://mybucket/path/to/output.jar#generation`."
        }
      }
    },
    "GitHubEventsConfig": {
      "description": "GitHubEventsConfig describes the configuration of a trigger that creates a\nbuild whenever a GitHub event is received.\n\nThis message is experimental.",
      "type": "object",
      "properties": {
        "pullRequest": {
          "$ref": "PullRequestFilter",
          "description": "filter to match changes in pull requests."
        },
        "push": {
          "$ref": "PushFilter",
          "description": "filter to match changes in refs like branches, tags."
        },
        "installationId": {
          "type": "string",
          "description": "The installationID that emits the GitHub event.",
          "format": "int64"
        },
        "owner": {
          "description": "Owner of the repository. For example: The owner for\nhttps://github.com/googlecloudplatform/cloud-builders is\n\"googlecloudplatform\".",
          "type": "string"
        },
        "name": {
          "type": "string",
          "description": "Name of the repository. For example: The name for\nhttps://github.com/googlecloudplatform/cloud-builders is \"cloud-builders\"."
        }
      },
      "id": "GitHubEventsConfig"
    },
    "Artifacts": {
      "description": "Artifacts produced by a build that should be uploaded upon\nsuccessful completion of all build steps.",
      "type": "object",
      "properties": {
        "images": {
          "type": "array",
          "items": {
            "type": "string"
          },
          "description": "A list of images to be pushed upon the successful completion of all build\nsteps.\n\nThe images will be pushed using the builder service account's credentials.\n\nThe digests of the pushed images will be stored in the Build resource's\nresults field.\n\nIf any of the images fail to be pushed, the build is marked FAILURE."
        },
        "objects": {
          "$ref": "ArtifactObjects",
          "description": "A list of objects to be uploaded to Cloud Storage upon successful\ncompletion of all build steps.\n\nFiles in the workspace matching specified paths globs will be uploaded to\nthe specified Cloud Storage location using the builder service account's\ncredentials.\n\nThe location and generation of the uploaded objects will be stored in the\nBuild resource's results field.\n\nIf any objects fail to be pushed, the build is marked FAILURE."
        }
      },
      "id": "Artifacts"
    },
    "BuildOperationMetadata": {
      "id": "BuildOperationMetadata",
      "description": "Metadata for build operations.",
      "type": "object",
      "properties": {
        "build": {
          "description": "The build that the operation is tracking.",
          "$ref": "Build"
        }
      }
    },
    "SourceProvenance": {
      "id": "SourceProvenance",
      "description": "Provenance of the source. Ways to find the original source, or verify that\nsome source was used for this build.",
      "type": "object",
      "properties": {
        "fileHashes": {
          "type": "object",
          "additionalProperties": {
            "$ref": "FileHashes"
          },
          "description": "Output only. Hash(es) of the build source, which can be used to verify that\nthe original source integrity was maintained in the build. Note that\n`FileHashes` will only be populated if `BuildOptions` has requested a\n`SourceProvenanceHash`.\n\nThe keys to this map are file paths used as build source and the values\ncontain the hash values for those files.\n\nIf the build source came in a single package such as a gzipped tarfile\n(`.tar.gz`), the `FileHash` will be for the single path to that file."
        },
        "resolvedRepoSource": {
          "description": "A copy of the build's `source.repo_source`, if exists, with any\nrevisions resolved.",
          "$ref": "RepoSource"
        },
        "resolvedStorageSource": {
          "$ref": "StorageSource",
          "description": "A copy of the build's `source.storage_source`, if exists, with any\ngenerations resolved."
        }
      }
    },
    "CancelOperationRequest": {
      "description": "The request message for Operations.CancelOperation.",
      "type": "object",
      "properties": {},
      "id": "CancelOperationRequest"
    },
    "Operation": {
      "description": "This resource represents a long-running operation that is the result of a\nnetwork API call.",
      "type": "object",
      "properties": {
        "response": {
          "additionalProperties": {
            "description": "Properties of the object. Contains field @type with type URL.",
            "type": "any"
          },
          "description": "The normal response of the operation in case of success.  If the original\nmethod returns no data on success, such as `Delete`, the response is\n`google.protobuf.Empty`.  If the original method is standard\n`Get`/`Create`/`Update`, the response should be the resource.  For other\nmethods, the response should have the type `XxxResponse`, where `Xxx`\nis the original method name.  For example, if the original method name\nis `TakeSnapshot()`, the inferred response type is\n`TakeSnapshotResponse`.",
          "type": "object"
        },
        "name": {
          "type": "string",
          "description": "The server-assigned name, which is only unique within the same service that\noriginally returns it. If you use the default HTTP mapping, the\n`name` should be a resource name ending with `operations/{unique_id}`."
        },
        "error": {
          "$ref": "Status",
          "description": "The error result of the operation in case of failure or cancellation."
        },
        "metadata": {
          "additionalProperties": {
            "description": "Properties of the object. Contains field @type with type URL.",
            "type": "any"
          },
          "description": "Service-specific metadata associated with the operation.  It typically\ncontains progress information and common metadata such as create time.\nSome services might not provide such metadata.  Any method that returns a\nlong-running operation should document the metadata type, if any.",
          "type": "object"
        },
        "done": {
          "description": "If the value is `false`, it means the operation is still in progress.\nIf `true`, the operation is completed, and either `error` or `response` is\navailable.",
          "type": "boolean"
        }
      },
      "id": "Operation"
    },
    "RepoSource": {
      "description": "Location of the source in a Google Cloud Source Repository.",
      "type": "object",
      "properties": {
        "dir": {
          "description": "Directory, relative to the source root, in which to run the build.\n\nThis must be a relative path. If a step's `dir` is specified and is an\nabsolute path, this value is ignored for that step's execution.",
          "type": "string"
        },
        "branchName": {
          "type": "string",
          "description": "Name of the branch to build."
        },
        "tagName": {
          "type": "string",
          "description": "Name of the tag to build."
        },
        "projectId": {
          "description": "ID of the project that owns the Cloud Source Repository. If omitted, the\nproject ID requesting the build is assumed.",
          "type": "string"
        },
        "repoName": {
          "description": "Name of the Cloud Source Repository. If omitted, the name \"default\" is\nassumed.",
          "type": "string"
        },
        "commitSha": {
          "description": "Explicit commit SHA to build.",
          "type": "string"
        }
      },
      "id": "RepoSource"
    },
    "BuildStep": {
      "description": "A step in the build pipeline.",
      "type": "object",
      "properties": {
        "secretEnv": {
          "description": "A list of environment variables which are encrypted using a Cloud Key\nManagement Service crypto key. These values must be specified in the\nbuild's `Secret`.",
          "type": "array",
          "items": {
            "type": "string"
          }
        },
        "id": {
          "description": "Unique identifier for this build step, used in `wait_for` to\nreference this build step as a dependency.",
          "type": "string"
        },
        "dir": {
          "description": "Working directory to use when running this step's container.\n\nIf this value is a relative path, it is relative to the build's working\ndirectory. If this value is absolute, it may be outside the build's working\ndirectory, in which case the contents of the path may not be persisted\nacross build step executions, unless a `volume` for that path is specified.\n\nIf the build specifies a `RepoSource` with `dir` and a step with a `dir`,\nwhich specifies an absolute path, the `RepoSource` `dir` is ignored for\nthe step's execution.",
          "type": "string"
        },
        "timing": {
          "$ref": "TimeSpan",
          "description": "Output only. Stores timing information for executing this build step."
        },
        "waitFor": {
          "description": "The ID(s) of the step(s) that this build step depends on.\nThis build step will not start until all the build steps in `wait_for`\nhave completed successfully. If `wait_for` is empty, this build step will\nstart when all previous build steps in the `Build.Steps` list have\ncompleted successfully.",
          "type": "array",
          "items": {
            "type": "string"
          }
        },
        "env": {
          "description": "A list of environment variable definitions to be used when running a step.\n\nThe elements are of the form \"KEY=VALUE\" for the environment variable \"KEY\"\nbeing given the value \"VALUE\".",
          "type": "array",
          "items": {
            "type": "string"
          }
        },
        "entrypoint": {
          "description": "Entrypoint to be used instead of the build step image's default entrypoint.\nIf unset, the image's default entrypoint is used.",
          "type": "string"
        },
        "volumes": {
          "description": "List of volumes to mount into the build step.\n\nEach volume is created as an empty volume prior to execution of the\nbuild step. Upon completion of the build, volumes and their contents are\ndiscarded.\n\nUsing a named volume in only one step is not valid as it is indicative\nof a build request with an incorrect configuration.",
          "type": "array",
          "items": {
            "$ref": "Volume"
          }
        },
        "args": {
          "description": "A list of arguments that will be presented to the step when it is started.\n\nIf the image used to run the step's container has an entrypoint, the `args`\nare used as arguments to that entrypoint. If the image does not define\nan entrypoint, the first element in args is used as the entrypoint,\nand the remainder will be used as arguments.",
          "type": "array",
          "items": {
            "type": "string"
          }
        },
        "status": {
          "enumDescriptions": [
            "Status of the build is unknown.",
            "Build or step is queued; work has not yet begun.",
            "Build or step is being executed.",
            "Build or step finished successfully.",
            "Build or step failed to complete successfully.",
            "Build or step failed due to an internal cause.",
            "Build or step took longer than was allowed.",
            "Build or step was canceled by a user."
          ],
          "enum": [
            "STATUS_UNKNOWN",
            "QUEUED",
            "WORKING",
            "SUCCESS",
            "FAILURE",
            "INTERNAL_ERROR",
            "TIMEOUT",
            "CANCELLED"
          ],
          "description": "Output only. Status of the build step. At this time, build step status is\nonly updated on build completion; step status is not updated in real-time\nas the build progresses.",
          "type": "string"
        },
        "timeout": {
          "description": "Time limit for executing this build step. If not defined, the step has no\ntime limit and will be allowed to continue to run until either it completes\nor the build itself times out.",
          "format": "google-duration",
          "type": "string"
        },
        "pullTiming": {
          "$ref": "TimeSpan",
          "description": "Output only. Stores timing information for pulling this build step's\nbuilder image only."
        },
        "name": {
          "description": "Required. The name of the container image that will run this particular\nbuild step.\n\nIf the image is available in the host's Docker daemon's cache, it\nwill be run directly. If not, the host will attempt to pull the image\nfirst, using the builder service account's credentials if necessary.\n\nThe Docker daemon's cache will already have the latest versions of all of\nthe officially supported build steps\n([https://github.com/GoogleCloudPlatform/cloud-builders](https://github.com/GoogleCloudPlatform/cloud-builders)).\nThe Docker daemon will also have cached many of the layers for some popular\nimages, like \"ubuntu\", \"debian\", but they will be refreshed at the time you\nattempt to use them.\n\nIf you built an image in a previous build step, it will be stored in the\nhost's Docker daemon's cache and is available to use as the name for a\nlater build step.",
          "type": "string"
        }
      },
      "id": "BuildStep"
    },
    "FileHashes": {
      "description": "Container message for hashes of byte content of files, used in\nSourceProvenance messages to verify integrity of source input to the build.",
      "type": "object",
      "properties": {
        "fileHash": {
          "description": "Collection of file hashes.",
          "type": "array",
          "items": {
            "$ref": "Hash"
          }
        }
      },
      "id": "FileHashes"
    },
    "Status": {
      "id": "Status",
      "description": "The `Status` type defines a logical error model that is suitable for\ndifferent programming environments, including REST APIs and RPC APIs. It is\nused by [gRPC](https://github.com/grpc). Each `Status` message contains\nthree pieces of data: error code, error message, and error details.\n\nYou can find out more about this error model and how to work with it in the\n[API Design Guide](https://cloud.google.com/apis/design/errors).",
      "type": "object",
      "properties": {
        "code": {
          "description": "The status code, which should be an enum value of google.rpc.Code.",
          "format": "int32",
          "type": "integer"
        },
        "message": {
          "type": "string",
          "description": "A developer-facing error message, which should be in English. Any\nuser-facing error message should be localized and sent in the\ngoogle.rpc.Status.details field, or localized by the client."
        },
        "details": {
          "description": "A list of messages that carry the error details.  There is a common set of\nmessage types for APIs to use.",
          "type": "array",
          "items": {
            "type": "object",
            "additionalProperties": {
              "description": "Properties of the object. Contains field @type with type URL.",
              "type": "any"
            }
          }
        }
      }
    },
    "BuildTrigger": {
      "type": "object",
      "properties": {
        "createTime": {
          "type": "string",
          "description": "Output only. Time when the trigger was created.",
          "format": "google-datetime"
        },
        "disabled": {
          "description": "If true, the trigger will never result in a build.",
          "type": "boolean"
        },
        "triggerTemplate": {
          "description": "Template describing the types of source changes to trigger a build.\n\nBranch and tag names in trigger templates are interpreted as regular\nexpressions. Any branch or tag change that matches that regular expression\nwill trigger a build.",
          "$ref": "RepoSource"
        },
        "description": {
          "description": "Human-readable description of this trigger.",
          "type": "string"
        },
        "filename": {
          "description": "Path, from the source root, to a file whose contents is used for the\ntemplate.",
          "type": "string"
        },
        "id": {
          "description": "Output only. Unique identifier of the trigger.",
          "type": "string"
        },
        "tags": {
          "description": "Tags for annotation of a `BuildTrigger`",
          "type": "array",
          "items": {
            "type": "string"
          }
        },
        "build": {
          "description": "Contents of the build template.",
          "$ref": "Build"
        },
        "github": {
          "$ref": "GitHubEventsConfig",
          "description": "GitHubEventsConfig describes the configuration of a trigger that creates\na build whenever a GitHub event is received."
        },
        "ignoredFiles": {
          "description": "ignored_files and included_files are file glob matches using\nhttp://godoc/pkg/path/filepath#Match extended with support for \"**\".\n\nIf ignored_files and changed files are both empty, then they are\nnot used to determine whether or not to trigger a build.\n\nIf ignored_files is not empty, then we ignore any files that match\nany of the ignored_file globs. If the change has no files that are\noutside of the ignored_files globs, then we do not trigger a build.",
          "type": "array",
          "items": {
            "type": "string"
          }
        },
        "substitutions": {
          "additionalProperties": {
            "type": "string"
          },
          "description": "Substitutions data for Build resource.",
          "type": "object"
        },
        "includedFiles": {
          "description": "If any of the files altered in the commit pass the ignored_files\nfilter and included_files is empty, then as far as this filter is\nconcerned, we should trigger the build.\n\nIf any of the files altered in the commit pass the ignored_files\nfilter and included_files is not empty, then we make sure that at\nleast one of those files matches a included_files glob. If not,\nthen we do not trigger a build.",
          "type": "array",
          "items": {
            "type": "string"
          }
        }
      },
      "id": "BuildTrigger",
      "description": "Configuration for an automated build in response to source repository\nchanges."
    },
    "Build": {
      "id": "Build",
      "description": "A build resource in the Cloud Build API.\n\nAt a high level, a `Build` describes where to find source code, how to build\nit (for example, the builder image to run on the source), and where to store\nthe built artifacts.\n\nFields can include the following variables, which will be expanded when the\nbuild is created:\n\n- $PROJECT_ID: the project ID of the build.\n- $BUILD_ID: the autogenerated ID of the build.\n- $REPO_NAME: the source repository name specified by RepoSource.\n- $BRANCH_NAME: the branch name specified by RepoSource.\n- $TAG_NAME: the tag name specified by RepoSource.\n- $REVISION_ID or $COMMIT_SHA: the commit SHA specified by RepoSource or\n  resolved from the specified branch or tag.\n- $SHORT_SHA: first 7 characters of $REVISION_ID or $COMMIT_SHA.",
      "type": "object",
      "properties": {
        "source": {
          "$ref": "Source",
          "description": "The location of the source files to build."
        },
        "options": {
          "$ref": "BuildOptions",
          "description": "Special options for this build."
        },
        "timeout": {
          "description": "Amount of time that this build should be allowed to run, to second\ngranularity. If this amount of time elapses, work on the build will cease\nand the build status will be `TIMEOUT`.\n\nDefault time is ten minutes.",
          "format": "google-duration",
          "type": "string"
        },
        "status": {
          "enum": [
            "STATUS_UNKNOWN",
            "QUEUED",
            "WORKING",
            "SUCCESS",
            "FAILURE",
            "INTERNAL_ERROR",
            "TIMEOUT",
            "CANCELLED"
          ],
          "description": "Output only. Status of the build.",
          "type": "string",
          "enumDescriptions": [
            "Status of the build is unknown.",
            "Build or step is queued; work has not yet begun.",
            "Build or step is being executed.",
            "Build or step finished successfully.",
            "Build or step failed to complete successfully.",
            "Build or step failed due to an internal cause.",
            "Build or step took longer than was allowed.",
            "Build or step was canceled by a user."
          ]
        },
        "statusDetail": {
          "description": "Output only. Customer-readable message about the current status.",
          "type": "string"
        },
        "artifacts": {
          "$ref": "Artifacts",
          "description": "Artifacts produced by the build that should be uploaded upon\nsuccessful completion of all build steps."
        },
        "secrets": {
          "description": "Secrets to decrypt using Cloud Key Management Service.",
          "type": "array",
          "items": {
            "$ref": "Secret"
          }
        },
        "logsBucket": {
          "type": "string",
          "description": "Google Cloud Storage bucket where logs should be written (see\n[Bucket Name\nRequirements](https://cloud.google.com/storage/docs/bucket-naming#requirements)).\nLogs file names will be of the format `${logs_bucket}/log-${build_id}.txt`."
        },
        "results": {
          "$ref": "Results",
          "description": "Output only. Results of the build."
        },
        "steps": {
          "description": "Required. The operations to be performed on the workspace.",
          "type": "array",
          "items": {
            "$ref": "BuildStep"
          }
        },
        "buildTriggerId": {
          "description": "Output only. The ID of the `BuildTrigger` that triggered this build, if it\nwas triggered automatically.",
          "type": "string"
        },
        "tags": {
          "description": "Tags for annotation of a `Build`. These are not docker tags.",
          "type": "array",
          "items": {
            "type": "string"
          }
        },
        "id": {
          "description": "Output only. Unique identifier of the build.",
          "type": "string"
        },
        "startTime": {
          "description": "Output only. Time at which execution of the build was started.",
          "format": "google-datetime",
          "type": "string"
        },
        "substitutions": {
          "description": "Substitutions data for `Build` resource.",
          "type": "object",
          "additionalProperties": {
            "type": "string"
          }
        },
        "timing": {
          "additionalProperties": {
            "$ref": "TimeSpan"
          },
          "description": "Output only. Stores timing information for phases of the build. Valid keys\nare:\n\n* BUILD: time to execute all build steps\n* PUSH: time to push all specified images.\n* FETCHSOURCE: time to fetch source.\n\nIf the build does not specify source or images,\nthese keys will not be included.",
          "type": "object"
        },
        "createTime": {
          "description": "Output only. Time at which the request to create the build was received.",
          "format": "google-datetime",
          "type": "string"
        },
        "sourceProvenance": {
          "$ref": "SourceProvenance",
          "description": "Output only. A permanent fixed identifier for source."
        },
        "images": {
          "description": "A list of images to be pushed upon the successful completion of all build\nsteps.\n\nThe images are pushed using the builder service account's credentials.\n\nThe digests of the pushed images will be stored in the `Build` resource's\nresults field.\n\nIf any of the images fail to be pushed, the build status is marked\n`FAILURE`.",
          "type": "array",
          "items": {
            "type": "string"
          }
        },
        "projectId": {
          "type": "string",
          "description": "Output only. ID of the project."
        },
        "finishTime": {
          "description": "Output only. Time at which execution of the build was finished.\n\nThe difference between finish_time and start_time is the duration of the\nbuild's execution.",
          "format": "google-datetime",
          "type": "string"
        },
        "logUrl": {
          "type": "string",
          "description": "Output only. URL to logs for this build in Google Cloud Console."
        }
      }
    },
    "CancelBuildRequest": {
      "description": "Request to cancel an ongoing build.",
      "type": "object",
      "properties": {},
      "id": "CancelBuildRequest"
    },
    "Volume": {
      "description": "Volume describes a Docker container volume which is mounted into build steps\nin order to persist files across build step execution.",
      "type": "object",
      "properties": {
        "name": {
          "description": "Name of the volume to mount.\n\nVolume names must be unique per build step and must be valid names for\nDocker volumes. Each named volume must be used by at least two build steps.",
          "type": "string"
        },
        "path": {
          "description": "Path at which to mount the volume.\n\nPaths must be absolute and cannot conflict with other volume paths on the\nsame build step or with certain reserved volume paths.",
          "type": "string"
        }
      },
      "id": "Volume"
    },
    "ListBuildsResponse": {
      "description": "Response including listed builds.",
      "type": "object",
      "properties": {
        "nextPageToken": {
          "description": "Token to receive the next page of results.",
          "type": "string"
        },
        "builds": {
          "type": "array",
          "items": {
            "$ref": "Build"
          },
          "description": "Builds will be sorted by `create_time`, descending."
        }
      },
      "id": "ListBuildsResponse"
    }
  },
  "icons": {
    "x32": "http://www.google.com/images/icons/product/search-32.gif",
    "x16": "http://www.google.com/images/icons/product/search-16.gif"
  },
  "protocol": "rest",
  "canonicalName": "Cloud Build",
  "auth": {
    "oauth2": {
      "scopes": {
        "https://www.googleapis.com/auth/cloud-platform": {
          "description": "View and manage your data across Google Cloud Platform services"
        }
      }
    }
  },
  "rootUrl": "https://cloudbuild.googleapis.com/",
  "ownerDomain": "google.com",
  "name": "cloudbuild",
  "batchPath": "batch",
  "fullyEncodeReservedExpansion": true,
  "title": "Cloud Build API",
  "ownerName": "Google",
  "resources": {
    "operations": {
      "methods": {
        "cancel": {
          "scopes": [
            "https://www.googleapis.com/auth/cloud-platform"
          ],
          "parameters": {
            "name": {
              "description": "The name of the operation resource to be cancelled.",
              "required": true,
              "type": "string",
              "pattern": "^operations/.+$",
              "location": "path"
            }
          },
          "flatPath": "v1/operations/{operationsId}:cancel",
          "path": "v1/{+name}:cancel",
          "id": "cloudbuild.operations.cancel",
          "request": {
            "$ref": "CancelOperationRequest"
          },
          "description": "Starts asynchronous cancellation on a long-running operation.  The server\nmakes a best effort to cancel the operation, but success is not\nguaranteed.  If the server doesn't support this method, it returns\n`google.rpc.Code.UNIMPLEMENTED`.  Clients can use\nOperations.GetOperation or\nother methods to check whether the cancellation succeeded or whether the\noperation completed despite cancellation. On successful cancellation,\nthe operation is not deleted; instead, it becomes an operation with\nan Operation.error value with a google.rpc.Status.code of 1,\ncorresponding to `Code.CANCELLED`.",
          "response": {
            "$ref": "Empty"
          },
          "parameterOrder": [
            "name"
          ],
          "httpMethod": "POST"
        },
        "list": {
          "description": "Lists operations that match the specified filter in the request. If the\nserver doesn't support this method, it returns `UNIMPLEMENTED`.\n\nNOTE: the `name` binding allows API services to override the binding\nto use different resource name schemes, such as `users/*/operations`. To\noverride the binding, API services can add a binding such as\n`\"/v1/{name=users/*}/operations\"` to their service configuration.\nFor backwards compatibility, the default name includes the operations\ncollection id, however overriding users must ensure the name binding\nis the parent resource, without the operations collection id.",
          "httpMethod": "GET",
          "parameterOrder": [
            "name"
          ],
          "response": {
            "$ref": "ListOperationsResponse"
          },
          "parameters": {
            "filter": {
              "type": "string",
              "location": "query",
              "description": "The standard list filter."
            },
            "name": {
              "description": "The name of the operation's parent resource.",
              "required": true,
              "type": "string",
              "pattern": "^operations$",
              "location": "path"
            },
            "pageToken": {
              "type": "string",
              "location": "query",
              "description": "The standard list page token."
            },
            "pageSize": {
              "description": "The standard list page size.",
              "format": "int32",
              "type": "integer",
              "location": "query"
            }
          },
          "scopes": [
            "https://www.googleapis.com/auth/cloud-platform"
          ],
          "flatPath": "v1/operations",
          "id": "cloudbuild.operations.list",
          "path": "v1/{+name}"
        },
        "get": {
          "flatPath": "v1/operations/{operationsId}",
          "path": "v1/{+name}",
          "id": "cloudbuild.operations.get",
          "description": "Gets the latest state of a long-running operation.  Clients can use this\nmethod to poll the operation result at intervals as recommended by the API\nservice.",
          "response": {
            "$ref": "Operation"
          },
          "parameterOrder": [
            "name"
          ],
          "httpMethod": "GET",
          "scopes": [
            "https://www.googleapis.com/auth/cloud-platform"
          ],
          "parameters": {
            "name": {
              "required": true,
              "type": "string",
              "pattern": "^operations/.+$",
              "location": "path",
              "description": "The name of the operation resource."
            }
          }
        }
      }
    },
    "projects": {
      "resources": {
        "builds": {
          "methods": {
            "create": {
              "scopes": [
                "https://www.googleapis.com/auth/cloud-platform"
              ],
              "parameters": {
                "projectId": {
                  "description": "ID of the project.",
                  "required": true,
                  "type": "string",
                  "location": "path"
                }
              },
              "flatPath": "v1/projects/{projectId}/builds",
              "id": "cloudbuild.projects.builds.create",
              "path": "v1/projects/{projectId}/builds",
              "request": {
                "$ref": "Build"
              },
              "description": "Starts a build with the specified configuration.\n\nThis method returns a long-running `Operation`, which includes the build\nID. Pass the build ID to `GetBuild` to determine the build status (such as\n`SUCCESS` or `FAILURE`).",
              "httpMethod": "POST",
              "parameterOrder": [
                "projectId"
              ],
              "response": {
                "$ref": "Operation"
              }
            },
            "cancel": {
              "description": "Cancels a build in progress.",
              "request": {
                "$ref": "CancelBuildRequest"
              },
              "httpMethod": "POST",
              "parameterOrder": [
                "projectId",
                "id"
              ],
              "response": {
                "$ref": "Build"
              },
              "parameters": {
                "projectId": {
                  "description": "ID of the project.",
                  "required": true,
                  "type": "string",
                  "location": "path"
                },
                "id": {
                  "required": true,
                  "type": "string",
                  "location": "path",
                  "description": "ID of the build."
                }
              },
              "scopes": [
                "https://www.googleapis.com/auth/cloud-platform"
              ],
              "flatPath": "v1/projects/{projectId}/builds/{id}:cancel",
              "id": "cloudbuild.projects.builds.cancel",
              "path": "v1/projects/{projectId}/builds/{id}:cancel"
            },
            "retry": {
              "flatPath": "v1/projects/{projectId}/builds/{id}:retry",
              "id": "cloudbuild.projects.builds.retry",
              "path": "v1/projects/{projectId}/builds/{id}:retry",
              "description": "Creates a new build based on the specified build.\n\nThis method creates a new build using the original build request, which may\nor may not result in an identical build.\n\nFor triggered builds:\n\n* Triggered builds resolve to a precise revision; therefore a retry of a\ntriggered build will result in a build that uses the same revision.\n\nFor non-triggered builds that specify `RepoSource`:\n\n* If the original build built from the tip of a branch, the retried build\nwill build from the tip of that branch, which may not be the same revision\nas the original build.\n* If the original build specified a commit sha or revision ID, the retried\nbuild will use the identical source.\n\nFor builds that specify `StorageSource`:\n\n* If the original build pulled source from Google Cloud Storage without\nspecifying the generation of the object, the new build will use the current\nobject, which may be different from the original build source.\n* If the original build pulled source from Cloud Storage and specified the\ngeneration of the object, the new build will attempt to use the same\nobject, which may or may not be available depending on the bucket's\nlifecycle management settings.",
              "request": {
                "$ref": "RetryBuildRequest"
              },
              "httpMethod": "POST",
              "parameterOrder": [
                "projectId",
                "id"
              ],
              "response": {
                "$ref": "Operation"
              },
              "parameters": {
                "projectId": {
                  "description": "ID of the project.",
                  "required": true,
                  "type": "string",
                  "location": "path"
                },
                "id": {
                  "location": "path",
                  "description": "Build ID of the original build.",
                  "required": true,
                  "type": "string"
                }
              },
              "scopes": [
                "https://www.googleapis.com/auth/cloud-platform"
              ]
            },
            "get": {
              "description": "Returns information about a previously requested build.\n\nThe `Build` that is returned includes its status (such as `SUCCESS`,\n`FAILURE`, or `WORKING`), and timing information.",
              "response": {
                "$ref": "Build"
              },
              "parameterOrder": [
                "projectId",
                "id"
              ],
              "httpMethod": "GET",
              "parameters": {
                "projectId": {
                  "location": "path",
                  "description": "ID of the project.",
                  "required": true,
                  "type": "string"
                },
                "id": {
                  "location": "path",
                  "description": "ID of the build.",
                  "required": true,
                  "type": "string"
                }
              },
              "scopes": [
                "https://www.googleapis.com/auth/cloud-platform"
              ],
              "flatPath": "v1/projects/{projectId}/builds/{id}",
              "path": "v1/projects/{projectId}/builds/{id}",
              "id": "cloudbuild.projects.builds.get"
            },
            "list": {
              "flatPath": "v1/projects/{projectId}/builds",
              "id": "cloudbuild.projects.builds.list",
              "path": "v1/projects/{projectId}/builds",
              "description": "Lists previously requested builds.\n\nPreviously requested builds may still be in-progress, or may have finished\nsuccessfully or unsuccessfully.",
              "httpMethod": "GET",
              "parameterOrder": [
                "projectId"
              ],
              "response": {
                "$ref": "ListBuildsResponse"
              },
              "scopes": [
                "https://www.googleapis.com/auth/cloud-platform"
              ],
              "parameters": {
                "pageToken": {
                  "location": "query",
                  "description": "Token to provide to skip to a particular spot in the list.",
                  "type": "string"
                },
                "pageSize": {
                  "type": "integer",
                  "location": "query",
                  "description": "Number of results to return in the list.",
                  "format": "int32"
                },
                "projectId": {
                  "description": "ID of the project.",
                  "required": true,
                  "type": "string",
                  "location": "path"
                },
                "filter": {
                  "location": "query",
                  "description": "The raw filter text to constrain the results.",
                  "type": "string"
                }
              }
            }
          }
        },
        "triggers": {
          "methods": {
            "list": {
              "response": {
                "$ref": "ListBuildTriggersResponse"
              },
              "parameterOrder": [
                "projectId"
              ],
              "httpMethod": "GET",
              "parameters": {
                "pageToken": {
                  "type": "string",
                  "location": "query",
                  "description": "Token to provide to skip to a particular spot in the list."
                },
                "pageSize": {
                  "location": "query",
                  "description": "Number of results to return in the list.",
                  "format": "int32",
                  "type": "integer"
                },
                "projectId": {
                  "location": "path",
                  "description": "ID of the project for which to list BuildTriggers.",
                  "required": true,
                  "type": "string"
                }
              },
              "scopes": [
                "https://www.googleapis.com/auth/cloud-platform"
              ],
              "flatPath": "v1/projects/{projectId}/triggers",
              "path": "v1/projects/{projectId}/triggers",
              "id": "cloudbuild.projects.triggers.list",
              "description": "Lists existing `BuildTrigger`s.\n\nThis API is experimental."
            },
            "create": {
              "response": {
                "$ref": "BuildTrigger"
              },
              "parameterOrder": [
                "projectId"
              ],
              "httpMethod": "POST",
              "scopes": [
                "https://www.googleapis.com/auth/cloud-platform"
              ],
              "parameters": {
                "projectId": {
                  "location": "path",
                  "description": "ID of the project for which to configure automatic builds.",
                  "required": true,
                  "type": "string"
                }
              },
              "flatPath": "v1/projects/{projectId}/triggers",
              "path": "v1/projects/{projectId}/triggers",
              "id": "cloudbuild.projects.triggers.create",
              "request": {
                "$ref": "BuildTrigger"
              },
              "description": "Creates a new `BuildTrigger`.\n\nThis API is experimental."
            },
            "run": {
              "description": "Runs a `BuildTrigger` at a particular source revision.",
              "request": {
                "$ref": "RepoSource"
              },
              "response": {
                "$ref": "Operation"
              },
              "parameterOrder": [
                "projectId",
                "triggerId"
              ],
              "httpMethod": "POST",
              "parameters": {
                "triggerId": {
                  "location": "path",
                  "description": "ID of the trigger.",
                  "required": true,
                  "type": "string"
                },
                "projectId": {
                  "location": "path",
                  "description": "ID of the project.",
                  "required": true,
                  "type": "string"
                }
              },
              "scopes": [
                "https://www.googleapis.com/auth/cloud-platform"
              ],
              "flatPath": "v1/projects/{projectId}/triggers/{triggerId}:run",
              "path": "v1/projects/{projectId}/triggers/{triggerId}:run",
              "id": "cloudbuild.projects.triggers.run"
            },
            "get": {
              "response": {
                "$ref": "BuildTrigger"
              },
              "parameterOrder": [
                "projectId",
                "triggerId"
              ],
              "httpMethod": "GET",
              "parameters": {
                "projectId": {
                  "location": "path",
                  "description": "ID of the project that owns the trigger.",
                  "required": true,
                  "type": "string"
                },
                "triggerId": {
                  "description": "ID of the `BuildTrigger` to get.",
                  "required": true,
                  "type": "string",
                  "location": "path"
                }
              },
              "scopes": [
                "https://www.googleapis.com/auth/cloud-platform"
              ],
              "flatPath": "v1/projects/{projectId}/triggers/{triggerId}",
              "path": "v1/projects/{projectId}/triggers/{triggerId}",
              "id": "cloudbuild.projects.triggers.get",
              "description": "Returns information about a `BuildTrigger`.\n\nThis API is experimental."
            },
            "patch": {
              "flatPath": "v1/projects/{projectId}/triggers/{triggerId}",
              "id": "cloudbuild.projects.triggers.patch",
              "path": "v1/projects/{projectId}/triggers/{triggerId}",
              "description": "Updates a `BuildTrigger` by its project ID and trigger ID.\n\nThis API is experimental.",
              "request": {
                "$ref": "BuildTrigger"
              },
              "httpMethod": "PATCH",
              "parameterOrder": [
                "projectId",
                "triggerId"
              ],
              "response": {
                "$ref": "BuildTrigger"
              },
              "parameters": {
                "triggerId": {
                  "description": "ID of the `BuildTrigger` to update.",
                  "required": true,
                  "type": "string",
                  "location": "path"
                },
                "projectId": {
                  "description": "ID of the project that owns the trigger.",
                  "required": true,
                  "type": "string",
                  "location": "path"
                }
              },
              "scopes": [
                "https://www.googleapis.com/auth/cloud-platform"
              ]
            },
            "delete": {
              "scopes": [
                "https://www.googleapis.com/auth/cloud-platform"
              ],
              "parameters": {
                "triggerId": {
                  "location": "path",
                  "description": "ID of the `BuildTrigger` to delete.",
                  "required": true,
                  "type": "string"
                },
                "projectId": {
                  "required": true,
                  "type": "string",
                  "location": "path",
                  "description": "ID of the project that owns the trigger."
                }
              },
              "flatPath": "v1/projects/{projectId}/triggers/{triggerId}",
              "path": "v1/projects/{projectId}/triggers/{triggerId}",
              "id": "cloudbuild.projects.triggers.delete",
              "description": "Deletes a `BuildTrigger` by its project ID and trigger ID.\n\nThis API is experimental.",
              "response": {
                "$ref": "Empty"
              },
              "parameterOrder": [
                "projectId",
                "triggerId"
              ],
              "httpMethod": "DELETE"
            }
          }
        }
      }
    }
  },
  "parameters": {
    "fields": {
      "location": "query",
      "description": "Selector specifying which fields to include in a partial response.",
      "type": "string"
    },
    "uploadType": {
      "description": "Legacy upload protocol for media (e.g. \"media\", \"multipart\").",
      "type": "string",
      "location": "query"
    },
    "callback": {
      "type": "string",
      "location": "query",
      "description": "JSONP"
    },
    "oauth_token": {
      "type": "string",
      "location": "query",
      "description": "OAuth 2.0 token for the current user."
    },
    "$.xgafv": {
      "type": "string",
      "enumDescriptions": [
        "v1 error format",
        "v2 error format"
      ],
      "location": "query",
      "enum": [
        "1",
        "2"
      ],
      "description": "V1 error format."
    },
    "alt": {
      "type": "string",
      "enumDescriptions": [
        "Responses with Content-Type of application/json",
        "Media download with context-dependent Content-Type",
        "Responses with Content-Type of application/x-protobuf"
      ],
      "location": "query",
      "description": "Data format for response.",
      "default": "json",
      "enum": [
        "json",
        "media",
        "proto"
      ]
    },
    "access_token": {
      "type": "string",
      "location": "query",
      "description": "OAuth access token."
    },
    "key": {
      "location": "query",
      "description": "API key. Your API key identifies your project and provides you with API access, quota, and reports. Required unless you provide an OAuth 2.0 token.",
      "type": "string"
    },
    "upload_protocol": {
      "type": "string",
      "location": "query",
      "description": "Upload protocol for media (e.g. \"raw\", \"multipart\")."
    },
    "quotaUser": {
      "location": "query",
      "description": "Available to use for quota purposes for server-side applications. Can be any arbitrary string assigned to a user, but should not exceed 40 characters.",
      "type": "string"
    },
    "prettyPrint": {
      "description": "Returns response with indentations and line breaks.",
      "type": "boolean",
      "default": "true",
      "location": "query"
    }
  },
  "version": "v1",
  "baseUrl": "https://cloudbuild.googleapis.com/",
  "servicePath": "",
  "description": "Creates and manages builds on Google Cloud Platform.",
  "kind": "discovery#restDescription",
  "basePath": "",
  "id": "cloudbuild:v1",
  "documentationLink": "https://cloud.google.com/cloud-build/docs/",
  "revision": "20190709",
  "discoveryVersion": "v1"
}
