{
  "version": "v1beta1",
  "baseUrl": "https://firebase.googleapis.com/",
  "servicePath": "",
  "kind": "discovery#restDescription",
  "description": "The Firebase Management API enables programmatic setup and management of Firebase projects, including a project's Firebase resources and Firebase apps.",
  "basePath": "",
  "revision": "20190718",
  "documentationLink": "https://firebase.google.com",
  "id": "firebase:v1beta1",
  "discoveryVersion": "v1",
  "version_module": true,
  "schemas": {
    "Operation": {
      "type": "object",
      "properties": {
        "response": {
          "additionalProperties": {
            "type": "any",
            "description": "Properties of the object. Contains field @type with type URL."
          },
          "description": "The normal response of the operation in case of success.  If the original\nmethod returns no data on success, such as `Delete`, the response is\n`google.protobuf.Empty`.  If the original method is standard\n`Get`/`Create`/`Update`, the response should be the resource.  For other\nmethods, the response should have the type `XxxResponse`, where `Xxx`\nis the original method name.  For example, if the original method name\nis `TakeSnapshot()`, the inferred response type is\n`TakeSnapshotResponse`.",
          "type": "object"
        },
        "name": {
          "description": "The server-assigned name, which is only unique within the same service that\noriginally returns it. If you use the default HTTP mapping, the\n`name` should be a resource name ending with `operations/{unique_id}`.",
          "type": "string"
        },
        "error": {
          "$ref": "Status",
          "description": "The error result of the operation in case of failure or cancellation."
        },
        "metadata": {
          "additionalProperties": {
            "description": "Properties of the object. Contains field @type with type URL.",
            "type": "any"
          },
          "description": "Service-specific metadata associated with the operation.  It typically\ncontains progress information and common metadata such as create time.\nSome services might not provide such metadata.  Any method that returns a\nlong-running operation should document the metadata type, if any.",
          "type": "object"
        },
        "done": {
          "type": "boolean",
          "description": "If the value is `false`, it means the operation is still in progress.\nIf `true`, the operation is completed, and either `error` or `response` is\navailable."
        }
      },
      "id": "Operation",
      "description": "This resource represents a long-running operation that is the result of a\nnetwork API call."
    },
    "ShaCertificate": {
      "type": "object",
      "properties": {
        "name": {
          "type": "string",
          "description": "The fully qualified resource name of the `sha-key`, in the format:\n\u003cbr\u003e\u003ccode\u003eprojects/\u003cvar\u003eprojectId\u003c/var\u003e/androidApps/\u003cvar\u003eappId\u003c/var\u003e/sha/\u003cvar\u003eshaId\u003c/var\u003e\u003c/code\u003e"
        },
        "shaHash": {
          "type": "string",
          "description": "The certificate hash for the App."
        },
        "certType": {
          "enum": [
            "SHA_CERTIFICATE_TYPE_UNSPECIFIED",
            "SHA_1",
            "SHA_256"
          ],
          "description": "The SHA certificate type.",
          "type": "string",
          "enumDescriptions": [
            "Unknown state.  This is only used for distinguishing unset values.",
            "Certificate is a SHA-1 type certificate.",
            "Certificate is a SHA-256 type certificate."
          ]
        }
      },
      "id": "ShaCertificate",
      "description": "A SHA-1 or SHA-256 certificate associated with the AndroidApp."
    },
    "IosAppConfig": {
      "description": "Configuration metadata of a single Firebase App for iOS.",
      "type": "object",
      "properties": {
        "configFileContents": {
          "type": "string",
          "description": "The content of the XML configuration file.",
          "format": "byte"
        },
        "configFilename": {
          "description": "The filename that the configuration artifact is typically saved as.\n\u003cbr\u003eFor example: `GoogleService-Info.plist`",
          "type": "string"
        }
      },
      "id": "IosAppConfig"
    },
    "Status": {
      "description": "The `Status` type defines a logical error model that is suitable for\ndifferent programming environments, including REST APIs and RPC APIs. It is\nused by [gRPC](https://github.com/grpc). Each `Status` message contains\nthree pieces of data: error code, error message, and error details.\n\nYou can find out more about this error model and how to work with it in the\n[API Design Guide](https://cloud.google.com/apis/design/errors).",
      "type": "object",
      "properties": {
        "code": {
          "description": "The status code, which should be an enum value of google.rpc.Code.",
          "format": "int32",
          "type": "integer"
        },
        "message": {
          "type": "string",
          "description": "A developer-facing error message, which should be in English. Any\nuser-facing error message should be localized and sent in the\ngoogle.rpc.Status.details field, or localized by the client."
        },
        "details": {
          "type": "array",
          "items": {
            "additionalProperties": {
              "description": "Properties of the object. Contains field @type with type URL.",
              "type": "any"
            },
            "type": "object"
          },
          "description": "A list of messages that carry the error details.  There is a common set of\nmessage types for APIs to use."
        }
      },
      "id": "Status"
    },
    "ListFirebaseProjectsResponse": {
      "type": "object",
      "properties": {
        "nextPageToken": {
          "type": "string",
          "description": "If the result list is too large to fit in a single response, then a token\nis returned. If the string is empty, then this response is the last page of\nresults.\n\u003cbr\u003e\n\u003cbr\u003eThis token can be used in a subsequent calls to `ListFirebaseProjects`\nto find the next group of Projects.\n\u003cbr\u003e\n\u003cbr\u003ePage tokens are short-lived and should not be persisted."
        },
        "results": {
          "description": "One page of the list of Projects that are accessible to the caller.",
          "type": "array",
          "items": {
            "$ref": "FirebaseProject"
          }
        }
      },
      "id": "ListFirebaseProjectsResponse"
    },
    "AdminSdkConfig": {
      "type": "object",
      "properties": {
        "projectId": {
          "description": "Immutable. The globally unique, user-assigned project ID of the parent\nProject.",
          "type": "string"
        },
        "databaseURL": {
          "description": "The default Firebase Realtime Database URL.",
          "type": "string"
        },
        "storageBucket": {
          "type": "string",
          "description": "The default Cloud Storage for Firebase storage bucket name."
        },
        "locationId": {
          "type": "string",
          "description": "The ID of the project's default GCP resource location. The location is one\nof the available\n[GCP resource\nlocations](https://firebase.google.com/docs/projects/locations). \u003cbr\u003e\n\u003cbr\u003eThis field is omitted if the default GCP resource location has not been\nfinalized yet. To set your project's default GCP resource location,\ncall [`FinalizeDefaultLocation`](../projects.defaultLocation/finalize)\nafter you add Firebase services to your project."
        }
      },
      "id": "AdminSdkConfig"
    },
    "MessageSet": {
      "type": "object",
      "properties": {},
      "id": "MessageSet",
      "description": "This is proto2's version of MessageSet."
    },
    "SearchFirebaseAppsResponse": {
      "type": "object",
      "properties": {
        "apps": {
          "type": "array",
          "items": {
            "$ref": "FirebaseAppInfo"
          },
          "description": "One page of results from a call to `SearchFirebaseApps`."
        },
        "nextPageToken": {
          "description": "If the result list is too large to fit in a single response, then a token\nis returned.\n\u003cbr\u003e\n\u003cbr\u003eThis token can be used in a subsequent calls to `SearchFirebaseApps`\nto find the next group of Apps.\n\u003cbr\u003eIf the string is empty, then this response is the last page of results.\n\u003cbr\u003ePage tokens are short-lived and should not be persisted.",
          "type": "string"
        }
      },
      "id": "SearchFirebaseAppsResponse"
    },
    "ListAvailableProjectsResponse": {
      "type": "object",
      "properties": {
        "nextPageToken": {
          "type": "string",
          "description": "If the result list is too large to fit in a single response, then a token\nis returned. If the string is empty, then this response is the last page of\nresults.\n\u003cbr\u003e\n\u003cbr\u003eThis token can be used in a subsequent calls to `ListAvailableProjects`\nto find the next group of GCP `Projects`.\n\u003cbr\u003e\n\u003cbr\u003ePage tokens are short-lived and should not be persisted."
        },
        "projectInfo": {
          "type": "array",
          "items": {
            "$ref": "ProjectInfo"
          },
          "description": "The list of GCP `Projects` which can have Firebase resources added to them."
        }
      },
      "id": "ListAvailableProjectsResponse"
    },
    "ListShaCertificatesResponse": {
      "type": "object",
      "properties": {
        "certificates": {
          "description": "The list of SHA certificates associated with the App.",
          "type": "array",
          "items": {
            "$ref": "ShaCertificate"
          }
        }
      },
      "id": "ListShaCertificatesResponse"
    },
    "FinalizeDefaultLocationRequest": {
      "type": "object",
      "properties": {
        "locationId": {
          "type": "string",
          "description": "The ID of the default GCP resource location for the Project. The location\nmust be one of the available\n[GCP resource\nlocations](https://firebase.google.com/docs/projects/locations)."
        }
      },
      "id": "FinalizeDefaultLocationRequest"
    },
    "AddFirebaseRequest": {
      "description": "All fields are required.",
      "type": "object",
      "properties": {
        "timeZone": {
          "description": "The time zone that the account will use for Firebase Analytics data.\n\u003cbr\u003eFor example: America/Los_Angeles or Africa/Abidjan",
          "type": "string"
        },
        "locationId": {
          "type": "string",
          "description": "Deprecated. Instead, to set your project's default GCP resource location,\ncall [`FinalizeDefaultLocation`](../projects.defaultLocation/finalize)\nafter you add Firebase services to your project.\n\u003cbr\u003e\n\u003cbr\u003eThe ID of the project's default GCP resource location. The location\nmust be one of the available\n[GCP resource\nlocations](https://firebase.google.com/docs/projects/locations)."
        },
        "regionCode": {
          "type": "string",
          "description": "The region code (CLDR) that the account will use for Firebase Analytics\ndata.\n\u003cbr\u003eFor example: US, GB, or DE\n\u003cbr\u003e\n\u003cbr\u003eIn Java, use `com.google.i18n.identifiers.RegionCode`."
        }
      },
      "id": "AddFirebaseRequest"
    },
    "IosApp": {
      "type": "object",
      "properties": {
        "displayName": {
          "description": "The user-assigned display name of the App.",
          "type": "string"
        },
        "bundleId": {
          "description": "The canonical bundle ID of the iOS App as it would appear in the iOS\nAppStore.",
          "type": "string"
        },
        "appStoreId": {
          "type": "string",
          "description": "The automatically generated Apple ID assigned to the App by Apple in the\niOS App Store."
        },
        "name": {
          "description": "The fully qualified resource name of the App, in the format:\n\u003cbr\u003e\u003ccode\u003eprojects/\u003cvar\u003eprojectId\u003c/var\u003e/iosApps/\u003cvar\u003eappId\u003c/var\u003e\u003c/code\u003e",
          "type": "string"
        },
        "projectId": {
          "description": "The globally unique, user-assigned ID of the parent Project for the App.",
          "type": "string"
        },
        "appId": {
          "type": "string",
          "description": "Immutable. The globally unique, Firebase-assigned identifier of the App.\n\u003cbr\u003e\n\u003cbr\u003eThis identifier should be treated as an opaque token, as the data\nformat is not specified."
        }
      },
      "id": "IosApp",
      "description": "Details of a Firebase App for iOS."
    },
    "AndroidAppConfig": {
      "type": "object",
      "properties": {
        "configFilename": {
          "type": "string",
          "description": "The filename that the configuration artifact is typically saved as.\n\u003cbr\u003eFor example: `google-services.json`"
        },
        "configFileContents": {
          "type": "string",
          "description": "The contents of the JSON configuration file.",
          "format": "byte"
        }
      },
      "id": "AndroidAppConfig",
      "description": "Configuration metadata of a single Firebase App for Android."
    },
    "FirebaseAppInfo": {
      "type": "object",
      "properties": {
        "appId": {
          "type": "string",
          "description": "Immutable. The globally unique, Firebase-assigned identifier of the App.\n\u003cbr\u003e\n\u003cbr\u003eThis identifier should be treated as an opaque token, as the data\nformat is not specified."
        },
        "platform": {
          "type": "string",
          "enumDescriptions": [
            "Unknown state. This is only used for distinguishing unset values.",
            "The Firebase App is associated with iOS.",
            "The Firebase App is associated with Android.",
            "The Firebase App is associated with web."
          ],
          "enum": [
            "PLATFORM_UNSPECIFIED",
            "IOS",
            "ANDROID",
            "WEB"
          ],
          "description": "The platform of the Firebase App."
        },
        "name": {
          "type": "string",
          "description": "The fully qualified resource name of the Firebase App, in the format:\n\u003cbr\u003e\u003ccode\u003eprojects/\u003cvar\u003eprojectId\u003c/var\u003e/iosApps/\u003cvar\u003eappId\u003c/var\u003e\u003c/code\u003e\nor \u003cbr\u003e\u003ccode\u003eprojects/\u003cvar\u003eprojectId\u003c/var\u003e/androidApps/\u003cvar\u003eappId\u003c/var\u003e\n\u003c/code\u003e"
        },
        "displayName": {
          "type": "string",
          "description": "The user-assigned display name of the Firebase App."
        }
      },
      "id": "FirebaseAppInfo",
      "description": "A high-level summary of an App."
    },
    "FirebaseProject": {
      "description": "A `FirebaseProject` is the top-level Firebase entity. It is the container for\nFirebase Apps, Firebase Hosting sites, storage systems (Firebase Realtime\nDatabase, Cloud Firestore, Cloud Storage buckets) and other Firebase and\nGoogle Cloud Platform (GCP) resources.\n\u003cbr\u003e\n\u003cbr\u003eYou can create a new `FirebaseProject` in the\n[Firebase console](https://console.firebase.google.com/),\nor you can add Firebase resources to an existing\n[GCP\n`Project`](https://cloud.google.com/resource-manager/reference/rest/v1/projects)\nby calling\nAddFirebase.\n\u003cbr\u003e\n\u003cbr\u003eA `FirebaseProject` is actually also a GCP `Project`, so a\n`FirebaseProject` uses underlying GCP identifiers (most importantly,\n`projectId`) as its own for easy interop with GCP APIs.",
      "type": "object",
      "properties": {
        "resources": {
          "$ref": "DefaultResources",
          "description": "The default Firebase resources associated with the Project."
        },
        "name": {
          "type": "string",
          "description": "The fully qualified resource name of the Project, in the format:\n\u003cbr\u003e\u003ccode\u003eprojects/\u003cvar\u003eprojectId\u003c/var\u003e\u003c/code\u003e"
        },
        "displayName": {
          "description": "The user-assigned display name of the Project.",
          "type": "string"
        },
        "projectId": {
          "type": "string",
          "description": "Immutable. The globally unique, user-assigned ID of the Project."
        },
        "projectNumber": {
          "description": "The globally unique, Google-assigned identifier of the Project.",
          "format": "int64",
          "type": "string"
        }
      },
      "id": "FirebaseProject"
    },
    "WebAppConfig": {
      "description": "Configuration metadata of a single Firebase App for the web.",
      "type": "object",
      "properties": {
        "messagingSenderId": {
          "description": "The sender ID for use with Firebase Cloud Messaging.",
          "type": "string"
        },
        "apiKey": {
          "description": "The API key associated with the web App.",
          "type": "string"
        },
        "projectId": {
          "type": "string",
          "description": "Immutable. The globally unique, user-assigned project ID of the parent\nProject for the App."
        },
        "appId": {
          "type": "string",
          "description": "Immutable. The globally unique, Firebase-assigned identifier of the App."
        },
        "databaseURL": {
          "description": "The default Firebase Realtime Database URL.",
          "type": "string"
        },
        "authDomain": {
          "type": "string",
          "description": "The domain Firebase Auth configures for OAuth redirects, in the format:\n\u003cbr\u003e\u003ccode\u003e\u003cvar\u003eprojectId\u003c/var\u003e.firebaseapp.com\u003c/code\u003e"
        },
        "storageBucket": {
          "description": "The default Cloud Storage for Firebase storage bucket name.",
          "type": "string"
        },
        "locationId": {
          "type": "string",
          "description": "The ID of the project's default GCP resource location. The location is one\nof the available\n[GCP resource\nlocations](https://firebase.google.com/docs/projects/locations). \u003cbr\u003e\n\u003cbr\u003eThis field is omitted if the default GCP resource location has not been\nfinalized yet. To set your project's default GCP resource location,\ncall [`FinalizeDefaultLocation`](../projects.defaultLocation/finalize)\nafter you add Firebase services to your project."
        }
      },
      "id": "WebAppConfig"
    },
    "Empty": {
      "description": "A generic empty message that you can re-use to avoid defining duplicated\nempty messages in your APIs. A typical example is to use it as the request\nor the response type of an API method. For instance:\n\n    service Foo {\n      rpc Bar(google.protobuf.Empty) returns (google.protobuf.Empty);\n    }\n\nThe JSON representation for `Empty` is empty JSON object `{}`.",
      "type": "object",
      "properties": {},
      "id": "Empty"
    },
    "Location": {
      "type": "object",
      "properties": {
        "locationId": {
          "type": "string",
          "description": "The ID of the default GCP resource location. It must be one of the\navailable\n[GCP resource\nlocations](https://firebase.google.com/docs/projects/locations)."
        }
      },
      "id": "Location",
      "description": "A GCP resource location that can be selected for a Project."
    },
    "ListWebAppsResponse": {
      "type": "object",
      "properties": {
        "apps": {
          "type": "array",
          "items": {
            "$ref": "WebApp"
          },
          "description": "List of each WebApp that is in the parent Firebase Project."
        },
        "nextPageToken": {
          "type": "string",
          "description": "If the result list is too large to fit in a single response, then a token\nis returned. If the string is empty, then this response is the last page of\nresults.\n\u003cbr\u003e\n\u003cbr\u003eThis token can be used in a subsequent call to `ListWebApps` to find\nthe next group of Apps.\n\u003cbr\u003e\n\u003cbr\u003ePage tokens are short-lived and should not be persisted."
        }
      },
      "id": "ListWebAppsResponse"
    },
    "ProjectInfo": {
      "description": "A reference to a Google Cloud Platform (GCP) `Project`.",
      "type": "object",
      "properties": {
        "project": {
          "description": "The resource name of the GCP `Project` to which Firebase resources can be\nadded, in the format:\n\u003cbr\u003e\u003ccode\u003eprojects/\u003cvar\u003eprojectId\u003c/var\u003e\u003c/code\u003e",
          "type": "string"
        },
        "displayName": {
          "description": "The user-assigned display name of the GCP `Project`, for example:\n\u003ccode\u003eMy App\u003c/code\u003e",
          "type": "string"
        },
        "locationId": {
          "description": "The ID of the project's default GCP resource location. The location is one\nof the available\n[GCP resource\nlocations](https://firebase.google.com/docs/projects/locations). \u003cbr\u003e \u003cbr\u003e\nNot all projects will have this field populated. If it is not populated, it\nmeans that the project does not yet have a default GCP resource location.\nTo set your project's default GCP resource location, call\n[`FinalizeDefaultLocation`](../projects.defaultLocation/finalize) after you\nadd Firebase services to your project.",
          "type": "string"
        }
      },
      "id": "ProjectInfo"
    },
    "TypedMessage": {
      "type": "object",
      "properties": {
        "typeId": {
          "type": "integer",
          "description": "Identifier for the type.",
          "format": "int32"
        },
        "message": {
          "type": "string",
          "description": "Message bytes.",
          "format": "byte"
        }
      },
      "id": "TypedMessage",
      "description": "Message that groups a protocol type_id (as defined by MessageSet),\nwith an encoded message of that type.  Its use is similar to\nMessageSet, except it represents a single (type, encoded message)\ninstead of a set.\n\nTo fill for known protocol type:\n  MyProtocolMsg proto;\n  TypedMessage typed_msg;\n  typed_msg.set_type_id(MyProtocolMsg::MESSAGE_TYPE_ID);\n  proto.AppendToCord(typed_msg.mutable_message());\n\nTo fill for unknown protocol type:\n  ProtocolMessage proto;\n  TypedMessage typed_msg;\n  typed_msg.set_type_id(proto.GetMapper()-\u003etype_id());\n  proto.AppendToCord(typed_msg.mutable_message());"
    },
    "ListAndroidAppsResponse": {
      "type": "object",
      "properties": {
        "apps": {
          "description": "List of each AndroidApp that is in the parent Firebase Project.",
          "type": "array",
          "items": {
            "$ref": "AndroidApp"
          }
        },
        "nextPageToken": {
          "type": "string",
          "description": "If the result list is too large to fit in a single response, then a token\nis returned. If the string is empty, then this response is the last page of\nresults.\n\u003cbr\u003e\n\u003cbr\u003eThis token can be used in a subsequent call to `ListAndroidApps` to\nfind the next group of Apps.\n\u003cbr\u003e\n\u003cbr\u003ePage tokens are short-lived and should not be persisted."
        }
      },
      "id": "ListAndroidAppsResponse"
    },
    "WebApp": {
      "type": "object",
      "properties": {
        "name": {
          "description": "The fully qualified resource name of the App, for example:\n\u003cbr\u003e\u003ccode\u003eprojects/\u003cvar\u003eprojectId\u003c/var\u003e/webApps/\u003cvar\u003eappId\u003c/var\u003e\u003c/code\u003e",
          "type": "string"
        },
        "displayName": {
          "type": "string",
          "description": "The user-assigned display name of the App."
        },
        "appId": {
          "type": "string",
          "description": "Immutable. The globally unique, Firebase-assigned identifier of the App.\n\u003cbr\u003e\n\u003cbr\u003eThis identifier should be treated as an opaque token, as the data\nformat is not specified."
        },
        "projectId": {
          "description": "The globally unique, user-assigned ID of the parent Project for the App.",
          "type": "string"
        },
        "appUrls": {
          "type": "array",
          "items": {
            "type": "string"
          },
          "description": "The fully qualified URLs where the App is hosted."
        }
      },
      "id": "WebApp",
      "description": "Details of a Firebase App for the web."
    },
    "ListAvailableLocationsResponse": {
      "type": "object",
      "properties": {
        "nextPageToken": {
          "type": "string",
          "description": "If the result list is too large to fit in a single response, then a token\nis returned. If the string is empty, then this response is the last page of\nresults and all available locations have been listed.\n\u003cbr\u003e\n\u003cbr\u003eThis token can be used in a subsequent call to\n`ListAvailableLocations` to find more locations.\n\u003cbr\u003e\n\u003cbr\u003ePage tokens are short-lived and should not be persisted."
        },
        "locations": {
          "description": "One page of results from a call to `ListAvailableLocations`.",
          "type": "array",
          "items": {
            "$ref": "Location"
          }
        }
      },
      "id": "ListAvailableLocationsResponse"
    },
    "StatusProto": {
      "description": "Wire-format for a Status object",
      "type": "object",
      "properties": {
        "code": {
          "description": "Numeric code drawn from the space specified below. Often, this is the\ncanonical error space, and code is drawn from google3/util/task/codes.proto",
          "format": "int32",
          "type": "integer"
        },
        "message": {
          "description": "Detail message",
          "type": "string"
        },
        "messageSet": {
          "$ref": "MessageSet",
          "description": "message_set associates an arbitrary proto message with the status."
        },
        "canonicalCode": {
          "description": "The canonical error code (see codes.proto) that most closely\ncorresponds to this status. May be missing.",
          "format": "int32",
          "type": "integer"
        },
        "payload": {
          "$ref": "TypedMessage",
          "description": "DEPRECATED.\n\nThis field was deprecated in 2011 with cl/20297133.  Java support\nfor the field was moved to a proto1 backward compatibility class\nin April 2017 with cl/142615857 and cl/154123203.  There was\nnever support for this field in Go; if set Go will ignore it.\nC++ stopped setting StatusProto::payload in October 2015 with cl/106347055,\nand stopped reading the field in October 2017 with cl/173324114.\n\nIn general, newly written code should use only \"message_set\". If you need\nto maintain backward compatibility with code written before 3/25/2011, do\nthe following:\n\n- During the transition period, either (1) set both \"payload\" and\n  \"message_set\", or (2) write the consumer of StatusProto so that it can\n  forge a MessageSet object from \"payload\" if \"message_set\" is missing.\n  The C++ util::Status implementation does (2).\n\n- Once all the consumers are converted to accept \"message_set\", then\n  remove the use of \"payload\" on the producer side."
        },
        "space": {
          "type": "string",
          "description": "The following are usually only present when code != 0\nSpace to which this status belongs"
        }
      },
      "id": "StatusProto"
    },
    "ListIosAppsResponse": {
      "type": "object",
      "properties": {
        "apps": {
          "description": "List of each IosApp that is in the parent Firebase Project.",
          "type": "array",
          "items": {
            "$ref": "IosApp"
          }
        },
        "nextPageToken": {
          "description": "If the result list is too large to fit in a single response, then a token\nis returned. If the string is empty, then this response is the last page of\nresults.\n\u003cbr\u003e\n\u003cbr\u003eThis token can be used in a subsequent call to `ListIosApps` to find\nthe next group of Apps.\n\u003cbr\u003e\n\u003cbr\u003ePage tokens are short-lived and should not be persisted.",
          "type": "string"
        }
      },
      "id": "ListIosAppsResponse"
    },
    "DefaultResources": {
      "description": "The default resources associated with a `FirebaseProject`.",
      "type": "object",
      "properties": {
        "hostingSite": {
          "description": "The default Firebase Hosting site name, in the format:\n\u003cbr\u003e\u003ccode\u003e\u003cvar\u003eprojectId\u003c/var\u003e\u003c/code\u003e\n\u003cbr\u003eThough rare, your `projectId` might already be used as the name for an\nexisting Hosting site in another project (learn more about creating\nnon-default,\n[additional sites](https://firebase.google.com/docs/hosting/multisites)).\nIn these cases, your `projectId` is appended with a hyphen then five\nalphanumeric characters to create your default Hosting site name. For\nexample, if your `projectId` is `myproject123`, your default Hosting site\nname might be:\n\u003cbr\u003e\u003ccode\u003emyproject123-a5c16\u003c/code\u003e",
          "type": "string"
        },
        "storageBucket": {
          "type": "string",
          "description": "The default Cloud Storage for Firebase storage bucket, in the format:\n\u003cbr\u003e\u003ccode\u003e\u003cvar\u003eprojectId\u003c/var\u003e.appspot.com\u003c/code\u003e"
        },
        "realtimeDatabaseInstance": {
          "description": "The default Firebase Realtime Database instance name, in the format:\n\u003cbr\u003e\u003ccode\u003e\u003cvar\u003eprojectId\u003c/var\u003e\u003c/code\u003e\n\u003cbr\u003eThough rare, your `projectId` might already be used as the name for an\nexisting Realtime Database instance in another project (learn more about\n[database\nsharding](https://firebase.google.com/docs/database/usage/sharding)). In\nthese cases, your `projectId` is appended with a hyphen then five\nalphanumeric characters to create your default Realtime Database instance\nname. For example, if your `projectId` is `myproject123`, your default\ndatabase instance name might be:\n\u003cbr\u003e\u003ccode\u003emyproject123-a5c16\u003c/code\u003e",
          "type": "string"
        },
        "locationId": {
          "type": "string",
          "description": "The ID of the project's default GCP resource location. The location is one\nof the available\n[GCP resource\nlocations](https://firebase.google.com/docs/projects/locations). \u003cbr\u003e\n\u003cbr\u003eThis field is omitted if the default GCP resource location has not been\nfinalized yet. To set your project's default GCP resource location,\ncall [`FinalizeDefaultLocation`](../projects.defaultLocation/finalize)\nafter you add Firebase services to your project."
        }
      },
      "id": "DefaultResources"
    },
    "AndroidApp": {
      "description": "Details of a Firebase App for Android.",
      "type": "object",
      "properties": {
        "name": {
          "description": "The fully qualified resource name of the App, in the format:\n\u003cbr\u003e\u003ccode\u003eprojects/\u003cvar\u003eprojectId\u003c/var\u003e/androidApps/\u003cvar\u003eappId\u003c/var\u003e\u003c/code\u003e",
          "type": "string"
        },
        "packageName": {
          "type": "string",
          "description": "The canonical package name of the Android App as would appear in the\nGoogle Play Developer Console."
        },
        "displayName": {
          "type": "string",
          "description": "The user-assigned display name of the App."
        },
        "appId": {
          "type": "string",
          "description": "Immutable. The globally unique, Firebase-assigned identifier of the App.\n\u003cbr\u003e\n\u003cbr\u003eThis identifier should be treated as an opaque token, as the data\nformat is not specified."
        },
        "projectId": {
          "type": "string",
          "description": "The globally unique, user-assigned ID of the parent Project for the App."
        }
      },
      "id": "AndroidApp"
    }
  },
  "protocol": "rest",
  "icons": {
    "x16": "http://www.google.com/images/icons/product/search-16.gif",
    "x32": "http://www.google.com/images/icons/product/search-32.gif"
  },
  "canonicalName": "Firebase Management",
  "auth": {
    "oauth2": {
      "scopes": {
        "https://www.googleapis.com/auth/cloud-platform.read-only": {
          "description": "View your data across Google Cloud Platform services"
        },
        "https://www.googleapis.com/auth/cloud-platform": {
          "description": "View and manage your data across Google Cloud Platform services"
        },
        "https://www.googleapis.com/auth/firebase": {
          "description": "View and administer all your Firebase data and settings"
        },
        "https://www.googleapis.com/auth/firebase.readonly": {
          "description": "View all your Firebase data and settings"
        }
      }
    }
  },
  "rootUrl": "https://firebase.googleapis.com/",
  "ownerDomain": "google.com",
  "name": "firebase",
  "batchPath": "batch",
  "fullyEncodeReservedExpansion": true,
  "title": "Firebase Management API",
  "ownerName": "Google",
  "resources": {
    "operations": {
      "methods": {
        "get": {
          "httpMethod": "GET",
          "parameterOrder": [
            "name"
          ],
          "response": {
            "$ref": "Operation"
          },
          "scopes": [
            "https://www.googleapis.com/auth/cloud-platform",
            "https://www.googleapis.com/auth/cloud-platform.read-only",
            "https://www.googleapis.com/auth/firebase",
            "https://www.googleapis.com/auth/firebase.readonly"
          ],
          "parameters": {
            "name": {
              "required": true,
              "type": "string",
              "pattern": "^operations/.+$",
              "location": "path",
              "description": "The name of the operation resource."
            }
          },
          "flatPath": "v1beta1/operations/{operationsId}",
          "id": "firebase.operations.get",
          "path": "v1beta1/{+name}",
          "description": "Gets the latest state of a long-running operation.  Clients can use this\nmethod to poll the operation result at intervals as recommended by the API\nservice."
        }
      }
    },
    "projects": {
      "methods": {
        "list": {
          "description": "Lists each FirebaseProject accessible to the caller.\n\u003cbr\u003e\n\u003cbr\u003eThe elements are returned in no particular order, but they will be a\nconsistent view of the Projects when additional requests are made with a\n`pageToken`.\n\u003cbr\u003e\n\u003cbr\u003eThis method is eventually consistent with Project mutations, which\nmeans newly provisioned Projects and recent modifications to existing\nProjects might not be reflected in the set of Projects. The list will\ninclude only ACTIVE Projects.\n\u003cbr\u003e\n\u003cbr\u003eUse\nGetFirebaseProject\nfor consistent reads as well as for additional Project details.",
          "response": {
            "$ref": "ListFirebaseProjectsResponse"
          },
          "parameterOrder": [],
          "httpMethod": "GET",
          "parameters": {
            "pageToken": {
              "type": "string",
              "location": "query",
              "description": "Token returned from a previous call to `ListFirebaseProjects` indicating\nwhere in the set of Projects to resume listing."
            },
            "pageSize": {
              "location": "query",
              "description": "The maximum number of Projects to return in the response.\n\u003cbr\u003e\n\u003cbr\u003eThe server may return fewer than this at its discretion.\nIf no value is specified (or too large a value is specified), the server\nwill impose its own limit.\n\u003cbr\u003e\n\u003cbr\u003eThis value cannot be negative.",
              "format": "int32",
              "type": "integer"
            }
          },
          "scopes": [
            "https://www.googleapis.com/auth/cloud-platform",
            "https://www.googleapis.com/auth/cloud-platform.read-only",
            "https://www.googleapis.com/auth/firebase",
            "https://www.googleapis.com/auth/firebase.readonly"
          ],
          "flatPath": "v1beta1/projects",
          "path": "v1beta1/projects",
          "id": "firebase.projects.list"
        },
        "addFirebase": {
          "request": {
            "$ref": "AddFirebaseRequest"
          },
          "description": "Adds Firebase resources to the specified existing\n[Google Cloud Platform (GCP) `Project`]\n(https://cloud.google.com/resource-manager/reference/rest/v1/projects).\n\u003cbr\u003e\n\u003cbr\u003eSince a FirebaseProject is actually also a GCP `Project`, a\n`FirebaseProject` uses underlying GCP identifiers (most importantly,\nthe `projectId`) as its own for easy interop with GCP APIs.\n\u003cbr\u003e\n\u003cbr\u003eThe result of this call is an [`Operation`](../../v1beta1/operations).\nPoll the `Operation` to track the provisioning process by calling\nGetOperation until\n[`done`](../../v1beta1/operations#Operation.FIELDS.done) is `true`. When\n`done` is `true`, the `Operation` has either succeeded or failed. If the\n`Operation` succeeded, its\n[`response`](../../v1beta1/operations#Operation.FIELDS.response) is set to\na FirebaseProject; if the `Operation` failed, its\n[`error`](../../v1beta1/operations#Operation.FIELDS.error) is set to a\ngoogle.rpc.Status. The `Operation` is automatically deleted after\ncompletion, so there is no need to call\nDeleteOperation.\n\u003cbr\u003e\n\u003cbr\u003eThis method does not modify any billing account information on the\nunderlying GCP `Project`.\n\u003cbr\u003e\n\u003cbr\u003eAll fields listed in the [request body](#request-body) are required.\n\u003cbr\u003e\n\u003cbr\u003eTo call `AddFirebase`, a member must be an Editor or Owner for the\nexisting GCP `Project`. Service accounts cannot call `AddFirebase`.",
          "response": {
            "$ref": "Operation"
          },
          "parameterOrder": [
            "project"
          ],
          "httpMethod": "POST",
          "scopes": [
            "https://www.googleapis.com/auth/cloud-platform",
            "https://www.googleapis.com/auth/firebase"
          ],
          "parameters": {
            "project": {
              "location": "path",
              "description": "The resource name of the GCP `Project` to which Firebase resources will be\nadded, in the format:\n\u003cbr\u003e\u003ccode\u003eprojects/\u003cvar\u003eprojectId\u003c/var\u003e\u003c/code\u003e\nAfter calling `AddFirebase`, the\n[`projectId`](https://cloud.google.com/resource-manager/reference/rest/v1/projects#Project.FIELDS.project_id)\nof the GCP `Project` is also the `projectId` of the FirebaseProject.",
              "required": true,
              "type": "string",
              "pattern": "^projects/[^/]+$"
            }
          },
          "flatPath": "v1beta1/projects/{projectsId}:addFirebase",
          "path": "v1beta1/{+project}:addFirebase",
          "id": "firebase.projects.addFirebase"
        },
        "get": {
          "response": {
            "$ref": "FirebaseProject"
          },
          "parameterOrder": [
            "name"
          ],
          "httpMethod": "GET",
          "parameters": {
            "name": {
              "location": "path",
              "description": "The fully qualified resource name of the Project, in the format:\n\u003cbr\u003e\u003ccode\u003eprojects/\u003cvar\u003eprojectId\u003c/var\u003e\u003c/code\u003e",
              "required": true,
              "type": "string",
              "pattern": "^projects/[^/]+$"
            }
          },
          "scopes": [
            "https://www.googleapis.com/auth/cloud-platform",
            "https://www.googleapis.com/auth/cloud-platform.read-only",
            "https://www.googleapis.com/auth/firebase",
            "https://www.googleapis.com/auth/firebase.readonly"
          ],
          "flatPath": "v1beta1/projects/{projectsId}",
          "path": "v1beta1/{+name}",
          "id": "firebase.projects.get",
          "description": "Gets the FirebaseProject identified by the specified resource name."
        },
        "patch": {
          "response": {
            "$ref": "FirebaseProject"
          },
          "parameterOrder": [
            "name"
          ],
          "httpMethod": "PATCH",
          "parameters": {
            "name": {
              "location": "path",
              "description": "The fully qualified resource name of the Project, in the format:\n\u003cbr\u003e\u003ccode\u003eprojects/\u003cvar\u003eprojectId\u003c/var\u003e\u003c/code\u003e",
              "required": true,
              "type": "string",
              "pattern": "^projects/[^/]+$"
            },
            "updateMask": {
              "type": "string",
              "location": "query",
              "description": "Specifies which fields to update.\n\u003cbr\u003e\n\u003cbr\u003eIf this list is empty, then no state will be updated.\n\u003cbr\u003eNote that the fields `name`, `project_id`, and `project_number` are all\nimmutable.",
              "format": "google-fieldmask"
            }
          },
          "scopes": [
            "https://www.googleapis.com/auth/cloud-platform",
            "https://www.googleapis.com/auth/firebase"
          ],
          "flatPath": "v1beta1/projects/{projectsId}",
          "path": "v1beta1/{+name}",
          "id": "firebase.projects.patch",
          "description": "Updates the attributes of the FirebaseProject identified by the\nspecified resource name.\n\u003cbr\u003e\n\u003cbr\u003eAll [query parameters](#query-parameters) are required.",
          "request": {
            "$ref": "FirebaseProject"
          }
        },
        "searchApps": {
          "flatPath": "v1beta1/projects/{projectsId}:searchApps",
          "id": "firebase.projects.searchApps",
          "path": "v1beta1/{+parent}:searchApps",
          "description": "A convenience method that lists all available Apps for the specified\nFirebaseProject.\n\u003cbr\u003e\n\u003cbr\u003eTypically, interaction with an App should be done using the\nplatform-specific service, but some tool use-cases require a summary of all\nknown Apps (such as for App selector interfaces).",
          "httpMethod": "GET",
          "response": {
            "$ref": "SearchFirebaseAppsResponse"
          },
          "parameterOrder": [
            "parent"
          ],
          "parameters": {
            "pageToken": {
              "type": "string",
              "location": "query",
              "description": "Token returned from a previous call to `SearchFirebaseApps` indicating\nwhere in the set of Apps to resume listing."
            },
            "pageSize": {
              "type": "integer",
              "location": "query",
              "description": "The maximum number of Apps to return in the response.\n\u003cbr\u003e\n\u003cbr\u003eThe server may return fewer than this value at its discretion.\nIf no value is specified (or too large a value is specified), then the\nserver will impose its own limit.\n\u003cbr\u003e\n\u003cbr\u003eThis value cannot be negative.",
              "format": "int32"
            },
            "parent": {
              "required": true,
              "type": "string",
              "pattern": "^projects/[^/]+$",
              "location": "path",
              "description": "The parent Project for which to list Apps, in the format:\n\u003cbr\u003e\u003ccode\u003eprojects/\u003cvar\u003eprojectId\u003c/var\u003e\u003c/code\u003e"
            }
          },
          "scopes": [
            "https://www.googleapis.com/auth/cloud-platform",
            "https://www.googleapis.com/auth/cloud-platform.read-only",
            "https://www.googleapis.com/auth/firebase",
            "https://www.googleapis.com/auth/firebase.readonly"
          ]
        },
        "getAdminSdkConfig": {
          "response": {
            "$ref": "AdminSdkConfig"
          },
          "parameterOrder": [
            "name"
          ],
          "httpMethod": "GET",
          "parameters": {
            "name": {
              "location": "path",
              "description": "The fully qualified resource name of the Project, in the format:\n\u003cbr\u003e\u003ccode\u003eprojects/\u003cvar\u003eprojectId\u003c/var\u003e/adminSdkConfig\u003c/code\u003e",
              "required": true,
              "type": "string",
              "pattern": "^projects/[^/]+/adminSdkConfig$"
            }
          },
          "scopes": [
            "https://www.googleapis.com/auth/cloud-platform",
            "https://www.googleapis.com/auth/cloud-platform.read-only",
            "https://www.googleapis.com/auth/firebase",
            "https://www.googleapis.com/auth/firebase.readonly"
          ],
          "flatPath": "v1beta1/projects/{projectsId}/adminSdkConfig",
          "path": "v1beta1/{+name}",
          "id": "firebase.projects.getAdminSdkConfig",
          "description": "Gets the configuration artifact used by servers to simplify initialization.\n\u003cbr\u003e\n\u003cbr\u003eTypically, this configuration is used with the Firebase Admin SDK\n[initializeApp](https://firebase.google.com/docs/admin/setup#initialize_the_sdk)\ncommand."
        }
      },
      "resources": {
        "androidApps": {
          "methods": {
            "getConfig": {
              "description": "Gets the configuration artifact associated with the specified\nAndroidApp.",
              "httpMethod": "GET",
              "response": {
                "$ref": "AndroidAppConfig"
              },
              "parameterOrder": [
                "name"
              ],
              "parameters": {
                "name": {
                  "required": true,
                  "type": "string",
                  "pattern": "^projects/[^/]+/androidApps/[^/]+/config$",
                  "location": "path",
                  "description": "The resource name of the App configuration to download, in the format:\n\u003cbr\u003e\u003ccode\u003eprojects/\u003cvar\u003eprojectId\u003c/var\u003e/androidApps/\u003cvar\u003eappId\u003c/var\u003e/config\u003c/code\u003e\n\u003cbr\u003eAs an \u003cvar\u003eappId\u003c/var\u003e is a unique identifier, the Unique Resource\nfrom Sub-Collection access pattern may be used here, in the format:\n\u003cbr\u003e\u003ccode\u003eprojects/-/androidApps/\u003cvar\u003eappId\u003c/var\u003e\u003c/code\u003e"
                }
              },
              "scopes": [
                "https://www.googleapis.com/auth/cloud-platform"
              ],
              "flatPath": "v1beta1/projects/{projectsId}/androidApps/{androidAppsId}/config",
              "id": "firebase.projects.androidApps.getConfig",
              "path": "v1beta1/{+name}"
            },
            "get": {
              "response": {
                "$ref": "AndroidApp"
              },
              "parameterOrder": [
                "name"
              ],
              "httpMethod": "GET",
              "scopes": [
                "https://www.googleapis.com/auth/cloud-platform",
                "https://www.googleapis.com/auth/cloud-platform.read-only",
                "https://www.googleapis.com/auth/firebase",
                "https://www.googleapis.com/auth/firebase.readonly"
              ],
              "parameters": {
                "name": {
                  "required": true,
                  "type": "string",
                  "pattern": "^projects/[^/]+/androidApps/[^/]+$",
                  "location": "path",
                  "description": "The fully qualified resource name of the App, in the format:\n\u003cbr\u003e\u003ccode\u003eprojects/\u003cvar\u003eprojectId\u003c/var\u003e/androidApps/\u003cvar\u003eappId\u003c/var\u003e\u003c/code\u003e\n\u003cbr\u003eAs an \u003cvar\u003eappId\u003c/var\u003e is a unique identifier, the Unique Resource\nfrom Sub-Collection access pattern may be used here, in the format:\n\u003cbr\u003e\u003ccode\u003eprojects/-/androidApps/\u003cvar\u003eappId\u003c/var\u003e\u003c/code\u003e"
                }
              },
              "flatPath": "v1beta1/projects/{projectsId}/androidApps/{androidAppsId}",
              "path": "v1beta1/{+name}",
              "id": "firebase.projects.androidApps.get",
              "description": "Gets the AndroidApp identified by the specified resource name."
            },
            "list": {
              "httpMethod": "GET",
              "response": {
                "$ref": "ListAndroidAppsResponse"
              },
              "parameterOrder": [
                "parent"
              ],
              "parameters": {
                "pageToken": {
                  "location": "query",
                  "description": "Token returned from a previous call to `ListAndroidApps` indicating where\nin the set of Apps to resume listing.",
                  "type": "string"
                },
                "pageSize": {
                  "type": "integer",
                  "location": "query",
                  "description": "The maximum number of Apps to return in the response.\n\u003cbr\u003e\n\u003cbr\u003eThe server may return fewer than this at its discretion.\nIf no value is specified (or too large a value is specified), then the\nserver will impose its own limit.",
                  "format": "int32"
                },
                "parent": {
                  "required": true,
                  "type": "string",
                  "pattern": "^projects/[^/]+$",
                  "location": "path",
                  "description": "The parent Project for which to list Apps, in the format:\n\u003cbr\u003e\u003ccode\u003eprojects/\u003cvar\u003eprojectId\u003c/var\u003e\u003c/code\u003e"
                }
              },
              "scopes": [
                "https://www.googleapis.com/auth/cloud-platform",
                "https://www.googleapis.com/auth/cloud-platform.read-only",
                "https://www.googleapis.com/auth/firebase",
                "https://www.googleapis.com/auth/firebase.readonly"
              ],
              "flatPath": "v1beta1/projects/{projectsId}/androidApps",
              "id": "firebase.projects.androidApps.list",
              "path": "v1beta1/{+parent}/androidApps",
              "description": "Lists each AndroidApp associated with the specified parent Project.\n\u003cbr\u003e\n\u003cbr\u003eThe elements are returned in no particular order, but will be a\nconsistent view of the Apps when additional requests are made with a\n`pageToken`."
            },
            "patch": {
              "response": {
                "$ref": "AndroidApp"
              },
              "parameterOrder": [
                "name"
              ],
              "httpMethod": "PATCH",
              "parameters": {
                "name": {
                  "location": "path",
                  "description": "The fully qualified resource name of the App, in the format:\n\u003cbr\u003e\u003ccode\u003eprojects/\u003cvar\u003eprojectId\u003c/var\u003e/androidApps/\u003cvar\u003eappId\u003c/var\u003e\u003c/code\u003e",
                  "required": true,
                  "type": "string",
                  "pattern": "^projects/[^/]+/androidApps/[^/]+$"
                },
                "updateMask": {
                  "type": "string",
                  "location": "query",
                  "description": "Specifies which fields to update.\n\u003cbr\u003eNote that the fields `name`, `appId`, `projectId`, and `packageName`\nare all immutable.",
                  "format": "google-fieldmask"
                }
              },
              "scopes": [
                "https://www.googleapis.com/auth/cloud-platform",
                "https://www.googleapis.com/auth/firebase"
              ],
              "flatPath": "v1beta1/projects/{projectsId}/androidApps/{androidAppsId}",
              "path": "v1beta1/{+name}",
              "id": "firebase.projects.androidApps.patch",
              "description": "Updates the attributes of the AndroidApp identified by the specified\nresource name.",
              "request": {
                "$ref": "AndroidApp"
              }
            },
            "create": {
              "request": {
                "$ref": "AndroidApp"
              },
              "description": "Requests that a new AndroidApp be created.\n\u003cbr\u003e\n\u003cbr\u003eThe result of this call is an `Operation` which can be used to track\nthe provisioning process. The `Operation` is automatically deleted after\ncompletion, so there is no need to call `DeleteOperation`.",
              "httpMethod": "POST",
              "parameterOrder": [
                "parent"
              ],
              "response": {
                "$ref": "Operation"
              },
              "scopes": [
                "https://www.googleapis.com/auth/cloud-platform",
                "https://www.googleapis.com/auth/firebase"
              ],
              "parameters": {
                "parent": {
                  "required": true,
                  "type": "string",
                  "pattern": "^projects/[^/]+$",
                  "location": "path",
                  "description": "The parent Project for which to list Apps, in the format:\n\u003cbr\u003e\u003ccode\u003eprojects/\u003cvar\u003eprojectId\u003c/var\u003e\u003c/code\u003e"
                }
              },
              "flatPath": "v1beta1/projects/{projectsId}/androidApps",
              "id": "firebase.projects.androidApps.create",
              "path": "v1beta1/{+parent}/androidApps"
            }
          },
          "resources": {
            "sha": {
              "methods": {
                "list": {
                  "flatPath": "v1beta1/projects/{projectsId}/androidApps/{androidAppsId}/sha",
                  "path": "v1beta1/{+parent}/sha",
                  "id": "firebase.projects.androidApps.sha.list",
                  "description": "Returns the list of SHA-1 and SHA-256 certificates for the specified\nAndroidApp.",
                  "response": {
                    "$ref": "ListShaCertificatesResponse"
                  },
                  "parameterOrder": [
                    "parent"
                  ],
                  "httpMethod": "GET",
                  "scopes": [
                    "https://www.googleapis.com/auth/cloud-platform",
                    "https://www.googleapis.com/auth/cloud-platform.read-only",
                    "https://www.googleapis.com/auth/firebase",
                    "https://www.googleapis.com/auth/firebase.readonly"
                  ],
                  "parameters": {
                    "parent": {
                      "required": true,
                      "type": "string",
                      "pattern": "^projects/[^/]+/androidApps/[^/]+$",
                      "location": "path",
                      "description": "The parent App for which to list SHA certificates, in the format:\n\u003cbr\u003e\u003ccode\u003eprojects/\u003cvar\u003eprojectId\u003c/var\u003e/androidApps/\u003cvar\u003eappId\u003c/var\u003e\u003c/code\u003e\n\u003cbr\u003eAs an \u003cvar\u003eappId\u003c/var\u003e is a unique identifier, the Unique Resource\nfrom Sub-Collection access pattern may be used here, in the format:\n\u003cbr\u003e\u003ccode\u003eprojects/-/androidApps/\u003cvar\u003eappId\u003c/var\u003e\u003c/code\u003e"
                    }
                  }
                },
                "create": {
                  "request": {
                    "$ref": "ShaCertificate"
                  },
                  "description": "Adds a SHA certificate to the specified AndroidApp.",
                  "httpMethod": "POST",
                  "parameterOrder": [
                    "parent"
                  ],
                  "response": {
                    "$ref": "ShaCertificate"
                  },
                  "scopes": [
                    "https://www.googleapis.com/auth/cloud-platform",
                    "https://www.googleapis.com/auth/firebase"
                  ],
                  "parameters": {
                    "parent": {
                      "required": true,
                      "type": "string",
                      "pattern": "^projects/[^/]+/androidApps/[^/]+$",
                      "location": "path",
                      "description": "The parent App to which a SHA certificate will be added, in the format:\n\u003cbr\u003e\u003ccode\u003eprojects/\u003cvar\u003eprojectId\u003c/var\u003e/androidApps/\u003cvar\u003eappId\u003c/var\u003e\u003c/code\u003e\n\u003cbr\u003eAs an \u003cvar\u003eappId\u003c/var\u003e is a unique identifier, the Unique Resource\nfrom Sub-Collection access pattern may be used here, in the format:\n\u003cbr\u003e\u003ccode\u003eprojects/-/androidApps/\u003cvar\u003eappId\u003c/var\u003e\u003c/code\u003e"
                    }
                  },
                  "flatPath": "v1beta1/projects/{projectsId}/androidApps/{androidAppsId}/sha",
                  "id": "firebase.projects.androidApps.sha.create",
                  "path": "v1beta1/{+parent}/sha"
                },
                "delete": {
                  "description": "Removes a SHA certificate from the specified AndroidApp.",
                  "httpMethod": "DELETE",
                  "parameterOrder": [
                    "name"
                  ],
                  "response": {
                    "$ref": "Empty"
                  },
                  "scopes": [
                    "https://www.googleapis.com/auth/cloud-platform",
                    "https://www.googleapis.com/auth/firebase"
                  ],
                  "parameters": {
                    "name": {
                      "location": "path",
                      "description": "The fully qualified resource name of the `sha-key`, in the format:\n\u003cbr\u003e\u003ccode\u003eprojects/\u003cvar\u003eprojectId\u003c/var\u003e/androidApps/\u003cvar\u003eappId\u003c/var\u003e/sha/\u003cvar\u003eshaId\u003c/var\u003e\u003c/code\u003e\n\u003cbr\u003eYou can obtain the full name from the response of\n[`ListShaCertificates`](../projects.androidApps.sha/list) or the original\n[`CreateShaCertificate`](../projects.androidApps.sha/create).",
                      "required": true,
                      "type": "string",
                      "pattern": "^projects/[^/]+/androidApps/[^/]+/sha/[^/]+$"
                    }
                  },
                  "flatPath": "v1beta1/projects/{projectsId}/androidApps/{androidAppsId}/sha/{shaId}",
                  "id": "firebase.projects.androidApps.sha.delete",
                  "path": "v1beta1/{+name}"
                }
              }
            }
          }
        },
        "availableLocations": {
          "methods": {
            "list": {
              "flatPath": "v1beta1/projects/{projectsId}/availableLocations",
              "path": "v1beta1/{+parent}/availableLocations",
              "id": "firebase.projects.availableLocations.list",
              "description": "Returns a list of valid Google Cloud Platform (GCP) resource locations for\nthe specified Project (including a FirebaseProject).\n\u003cbr\u003e\n\u003cbr\u003eThe default GCP resource location of a project defines the geographical\nlocation where project resources, such as Cloud Firestore, will be\nprovisioned by default.\n\u003cbr\u003e\n\u003cbr\u003eThe returned list are the available\n[GCP resource\nlocations](https://firebase.google.com/docs/projects/locations). \u003cbr\u003e\n\u003cbr\u003eThis call checks for any location restrictions for the specified\nProject and, thus, might return a subset of all possible GCP resource\nlocations. To list all GCP resource locations (regardless of any\nrestrictions), call the endpoint without specifying a `projectId` (that is,\n`/v1beta1/{parent=projects/-}/listAvailableLocations`).\n\u003cbr\u003e\n\u003cbr\u003eTo call `ListAvailableLocations` with a specified project, a member\nmust be at minimum a Viewer of the project. Calls without a specified\nproject do not require any specific project permissions.",
              "response": {
                "$ref": "ListAvailableLocationsResponse"
              },
              "parameterOrder": [
                "parent"
              ],
              "httpMethod": "GET",
              "scopes": [
                "https://www.googleapis.com/auth/cloud-platform",
                "https://www.googleapis.com/auth/cloud-platform.read-only",
                "https://www.googleapis.com/auth/firebase",
                "https://www.googleapis.com/auth/firebase.readonly"
              ],
              "parameters": {
                "pageToken": {
                  "type": "string",
                  "location": "query",
                  "description": "Token returned from a previous call to `ListAvailableLocations` indicating\nwhere in the list of locations to resume listing."
                },
                "pageSize": {
                  "location": "query",
                  "description": "The maximum number of locations to return in the response.\n\u003cbr\u003e\n\u003cbr\u003eThe server may return fewer than this value at its discretion.\nIf no value is specified (or too large a value is specified), then the\nserver will impose its own limit.\n\u003cbr\u003e\n\u003cbr\u003eThis value cannot be negative.",
                  "format": "int32",
                  "type": "integer"
                },
                "parent": {
                  "location": "path",
                  "description": "The Project for which to list GCP resource locations, in the format:\n\u003cbr\u003e\u003ccode\u003eprojects/\u003cvar\u003eprojectId\u003c/var\u003e\u003c/code\u003e\n\u003cbr\u003eIf no project is specified (that is, `projects/-`), the returned list\ndoes not take into account org-specific or project-specific location\nrestrictions.",
                  "required": true,
                  "type": "string",
                  "pattern": "^projects/[^/]+$"
                }
              }
            }
          }
        },
        "webApps": {
          "methods": {
            "get": {
              "description": "Gets the WebApp identified by the specified resource name.",
              "response": {
                "$ref": "WebApp"
              },
              "parameterOrder": [
                "name"
              ],
              "httpMethod": "GET",
              "scopes": [
                "https://www.googleapis.com/auth/cloud-platform",
                "https://www.googleapis.com/auth/cloud-platform.read-only",
                "https://www.googleapis.com/auth/firebase",
                "https://www.googleapis.com/auth/firebase.readonly"
              ],
              "parameters": {
                "name": {
                  "location": "path",
                  "description": "The fully qualified resource name of the App, in the format:\n\u003cbr\u003e\u003ccode\u003eprojects/\u003cvar\u003eprojectId\u003c/var\u003e/webApps/\u003cvar\u003eappId\u003c/var\u003e\u003c/code\u003e\n\u003cbr\u003eAs an \u003cvar\u003eappId\u003c/var\u003e is a unique identifier, the Unique Resource\nfrom Sub-Collection access pattern may be used here, in the format:\n\u003cbr\u003e\u003ccode\u003eprojects/-/webApps/\u003cvar\u003eappId\u003c/var\u003e\u003c/code\u003e",
                  "required": true,
                  "type": "string",
                  "pattern": "^projects/[^/]+/webApps/[^/]+$"
                }
              },
              "flatPath": "v1beta1/projects/{projectsId}/webApps/{webAppsId}",
              "path": "v1beta1/{+name}",
              "id": "firebase.projects.webApps.get"
            },
            "list": {
              "response": {
                "$ref": "ListWebAppsResponse"
              },
              "parameterOrder": [
                "parent"
              ],
              "httpMethod": "GET",
              "parameters": {
                "pageToken": {
                  "location": "query",
                  "description": "Token returned from a previous call to `ListWebApps` indicating where in\nthe set of Apps to resume listing.",
                  "type": "string"
                },
                "pageSize": {
                  "location": "query",
                  "description": "The maximum number of Apps to return in the response.\n\u003cbr\u003e\n\u003cbr\u003eThe server may return fewer than this value at its discretion.\nIf no value is specified (or too large a value is specified), then the\nserver will impose its own limit.",
                  "format": "int32",
                  "type": "integer"
                },
                "parent": {
                  "location": "path",
                  "description": "The parent Project for which to list Apps, in the format:\n\u003cbr\u003e\u003ccode\u003eprojects/\u003cvar\u003eprojectId\u003c/var\u003e\u003c/code\u003e",
                  "required": true,
                  "type": "string",
                  "pattern": "^projects/[^/]+$"
                }
              },
              "scopes": [
                "https://www.googleapis.com/auth/cloud-platform",
                "https://www.googleapis.com/auth/cloud-platform.read-only",
                "https://www.googleapis.com/auth/firebase",
                "https://www.googleapis.com/auth/firebase.readonly"
              ],
              "flatPath": "v1beta1/projects/{projectsId}/webApps",
              "path": "v1beta1/{+parent}/webApps",
              "id": "firebase.projects.webApps.list",
              "description": "Lists each WebApp associated with the specified parent Project.\n\u003cbr\u003e\n\u003cbr\u003eThe elements are returned in no particular order, but will be a\nconsistent view of the Apps when additional requests are made with a\n`pageToken`."
            },
            "patch": {
              "response": {
                "$ref": "WebApp"
              },
              "parameterOrder": [
                "name"
              ],
              "httpMethod": "PATCH",
              "scopes": [
                "https://www.googleapis.com/auth/cloud-platform",
                "https://www.googleapis.com/auth/firebase"
              ],
              "parameters": {
                "updateMask": {
                  "type": "string",
                  "location": "query",
                  "description": "Specifies which fields to update.\n\u003cbr\u003eNote that the fields `name`, `appId`, and `projectId` are all\nimmutable.",
                  "format": "google-fieldmask"
                },
                "name": {
                  "required": true,
                  "type": "string",
                  "pattern": "^projects/[^/]+/webApps/[^/]+$",
                  "location": "path",
                  "description": "The fully qualified resource name of the App, for example:\n\u003cbr\u003e\u003ccode\u003eprojects/\u003cvar\u003eprojectId\u003c/var\u003e/webApps/\u003cvar\u003eappId\u003c/var\u003e\u003c/code\u003e"
                }
              },
              "flatPath": "v1beta1/projects/{projectsId}/webApps/{webAppsId}",
              "path": "v1beta1/{+name}",
              "id": "firebase.projects.webApps.patch",
              "request": {
                "$ref": "WebApp"
              },
              "description": "Updates the attributes of the WebApp identified by the specified\nresource name."
            },
            "create": {
              "description": "Requests that a new WebApp be created.\n\u003cbr\u003e\n\u003cbr\u003eThe result of this call is an `Operation` which can be used to track\nthe provisioning process. The `Operation` is automatically deleted after\ncompletion, so there is no need to call `DeleteOperation`.",
              "request": {
                "$ref": "WebApp"
              },
              "httpMethod": "POST",
              "parameterOrder": [
                "parent"
              ],
              "response": {
                "$ref": "Operation"
              },
              "parameters": {
                "parent": {
                  "required": true,
                  "type": "string",
                  "pattern": "^projects/[^/]+$",
                  "location": "path",
                  "description": "The parent Project for which to list Apps, in the format:\n\u003cbr\u003e\u003ccode\u003eprojects/\u003cvar\u003eprojectId\u003c/var\u003e\u003c/code\u003e"
                }
              },
              "scopes": [
                "https://www.googleapis.com/auth/cloud-platform",
                "https://www.googleapis.com/auth/firebase"
              ],
              "flatPath": "v1beta1/projects/{projectsId}/webApps",
              "id": "firebase.projects.webApps.create",
              "path": "v1beta1/{+parent}/webApps"
            },
            "getConfig": {
              "description": "Gets the configuration artifact associated with the specified WebApp.",
              "httpMethod": "GET",
              "parameterOrder": [
                "name"
              ],
              "response": {
                "$ref": "WebAppConfig"
              },
              "scopes": [
                "https://www.googleapis.com/auth/cloud-platform"
              ],
              "parameters": {
                "name": {
                  "location": "path",
                  "description": "The resource name of the App configuration to download, in the format:\n\u003cbr\u003e\u003ccode\u003eprojects/\u003cvar\u003eprojectId\u003c/var\u003e/webApps/\u003cvar\u003eappId\u003c/var\u003e/config\u003c/code\u003e\n\u003cbr\u003eAs an \u003cvar\u003eappId\u003c/var\u003e is a unique identifier, the Unique Resource\nfrom Sub-Collection access pattern may be used here, in the format:\n\u003cbr\u003e\u003ccode\u003eprojects/-/webApps/\u003cvar\u003eappId\u003c/var\u003e\u003c/code\u003e",
                  "required": true,
                  "type": "string",
                  "pattern": "^projects/[^/]+/webApps/[^/]+/config$"
                }
              },
              "flatPath": "v1beta1/projects/{projectsId}/webApps/{webAppsId}/config",
              "id": "firebase.projects.webApps.getConfig",
              "path": "v1beta1/{+name}"
            }
          }
        },
        "defaultLocation": {
          "methods": {
            "finalize": {
              "flatPath": "v1beta1/projects/{projectsId}/defaultLocation:finalize",
              "path": "v1beta1/{+parent}/defaultLocation:finalize",
              "id": "firebase.projects.defaultLocation.finalize",
              "description": "Sets the default Google Cloud Platform (GCP) resource location for the\nspecified FirebaseProject.\n\u003cbr\u003e\n\u003cbr\u003eThis method creates an App Engine application with a\n[default Cloud Storage\nbucket](https://cloud.google.com/appengine/docs/standard/python/googlecloudstorageclient/setting-up-cloud-storage#activating_a_cloud_storage_bucket),\nlocated in the specified\n[`location_id`](#body.request_body.FIELDS.location_id).\nThis location must be one of the available\n[GCP resource\nlocations](https://firebase.google.com/docs/projects/locations). \u003cbr\u003e\n\u003cbr\u003eAfter the default GCP resource location is finalized, or if it was\nalready set, it cannot be changed. The default GCP resource location for\nthe specified FirebaseProject might already be set because either the\nGCP `Project` already has an App Engine application or\n`FinalizeDefaultLocation` was previously called with a specified\n`location_id`. Any new calls to `FinalizeDefaultLocation` with a\n\u003cem\u003edifferent\u003c/em\u003e specified `location_id` will return a 409 error.\n\u003cbr\u003e\n\u003cbr\u003eThe result of this call is an [`Operation`](../../v1beta1/operations),\nwhich can be used to track the provisioning process. The\n[`response`](../../v1beta1/operations#Operation.FIELDS.response) type of\nthe `Operation` is google.protobuf.Empty.\n\u003cbr\u003e\n\u003cbr\u003eThe `Operation` can be polled by its `name` using\nGetOperation until `done` is\ntrue. When `done` is true, the `Operation` has either succeeded or failed.\nIf the `Operation` has succeeded, its\n[`response`](../../v1beta1/operations#Operation.FIELDS.response) will be\nset to a google.protobuf.Empty; if the `Operation` has failed, its\n`error` will be set to a google.rpc.Status. The `Operation` is\nautomatically deleted after completion, so there is no need to call\nDeleteOperation.\n\u003cbr\u003e\n\u003cbr\u003eAll fields listed in the [request body](#request-body) are required.\n\u003cbr\u003e\n\u003cbr\u003eTo call `FinalizeDefaultLocation`, a member must be an Owner\nof the project.",
              "request": {
                "$ref": "FinalizeDefaultLocationRequest"
              },
              "response": {
                "$ref": "Operation"
              },
              "parameterOrder": [
                "parent"
              ],
              "httpMethod": "POST",
              "parameters": {
                "parent": {
                  "required": true,
                  "type": "string",
                  "pattern": "^projects/[^/]+$",
                  "location": "path",
                  "description": "The resource name of the Project for which the default GCP resource\nlocation will be set, in the format:\n\u003cbr\u003e\u003ccode\u003eprojects/\u003cvar\u003eprojectId\u003c/var\u003e\u003c/code\u003e"
                }
              },
              "scopes": [
                "https://www.googleapis.com/auth/cloud-platform"
              ]
            }
          }
        },
        "iosApps": {
          "methods": {
            "get": {
              "flatPath": "v1beta1/projects/{projectsId}/iosApps/{iosAppsId}",
              "id": "firebase.projects.iosApps.get",
              "path": "v1beta1/{+name}",
              "description": "Gets the IosApp identified by the specified resource name.",
              "httpMethod": "GET",
              "response": {
                "$ref": "IosApp"
              },
              "parameterOrder": [
                "name"
              ],
              "parameters": {
                "name": {
                  "required": true,
                  "type": "string",
                  "pattern": "^projects/[^/]+/iosApps/[^/]+$",
                  "location": "path",
                  "description": "The fully qualified resource name of the App, in the format:\n\u003ccode\u003eprojects/\u003cvar\u003eprojectId\u003c/var\u003e/iosApps/\u003cvar\u003eappId\u003c/var\u003e\u003c/code\u003e\n\u003cbr\u003eAs an \u003cvar\u003eappId\u003c/var\u003e is a unique identifier, the Unique Resource\nfrom Sub-Collection access pattern may be used here, in the format:\n\u003cbr\u003e\u003ccode\u003eprojects/-/iosApps/\u003cvar\u003eappId\u003c/var\u003e\u003c/code\u003e"
                }
              },
              "scopes": [
                "https://www.googleapis.com/auth/cloud-platform",
                "https://www.googleapis.com/auth/cloud-platform.read-only",
                "https://www.googleapis.com/auth/firebase",
                "https://www.googleapis.com/auth/firebase.readonly"
              ]
            },
            "list": {
              "description": "Lists each IosApp associated with the specified parent Project.\n\u003cbr\u003e\n\u003cbr\u003eThe elements are returned in no particular order, but will be a\nconsistent view of the Apps when additional requests are made with a\n`pageToken`.",
              "httpMethod": "GET",
              "response": {
                "$ref": "ListIosAppsResponse"
              },
              "parameterOrder": [
                "parent"
              ],
              "parameters": {
                "parent": {
                  "location": "path",
                  "description": "The parent Project for which to list Apps, in the format:\n\u003cbr\u003e\u003ccode\u003eprojects/\u003cvar\u003eprojectId\u003c/var\u003e\u003c/code\u003e",
                  "required": true,
                  "type": "string",
                  "pattern": "^projects/[^/]+$"
                },
                "pageToken": {
                  "location": "query",
                  "description": "Token returned from a previous call to `ListIosApps` indicating where in\nthe set of Apps to resume listing.",
                  "type": "string"
                },
                "pageSize": {
                  "type": "integer",
                  "location": "query",
                  "description": "The maximum number of Apps to return in the response.\n\u003cbr\u003e\n\u003cbr\u003eThe server may return fewer than this at its discretion.\nIf no value is specified (or too large a value is specified), the server\nwill impose its own limit.",
                  "format": "int32"
                }
              },
              "scopes": [
                "https://www.googleapis.com/auth/cloud-platform",
                "https://www.googleapis.com/auth/cloud-platform.read-only",
                "https://www.googleapis.com/auth/firebase",
                "https://www.googleapis.com/auth/firebase.readonly"
              ],
              "flatPath": "v1beta1/projects/{projectsId}/iosApps",
              "id": "firebase.projects.iosApps.list",
              "path": "v1beta1/{+parent}/iosApps"
            },
            "patch": {
              "response": {
                "$ref": "IosApp"
              },
              "parameterOrder": [
                "name"
              ],
              "httpMethod": "PATCH",
              "parameters": {
                "updateMask": {
                  "type": "string",
                  "location": "query",
                  "description": "Specifies which fields to update.\n\u003cbr\u003eNote that the fields `name`, `appId`, `projectId`, and `bundleId`\nare all immutable.",
                  "format": "google-fieldmask"
                },
                "name": {
                  "location": "path",
                  "description": "The fully qualified resource name of the App, in the format:\n\u003cbr\u003e\u003ccode\u003eprojects/\u003cvar\u003eprojectId\u003c/var\u003e/iosApps/\u003cvar\u003eappId\u003c/var\u003e\u003c/code\u003e",
                  "required": true,
                  "type": "string",
                  "pattern": "^projects/[^/]+/iosApps/[^/]+$"
                }
              },
              "scopes": [
                "https://www.googleapis.com/auth/cloud-platform",
                "https://www.googleapis.com/auth/firebase"
              ],
              "flatPath": "v1beta1/projects/{projectsId}/iosApps/{iosAppsId}",
              "path": "v1beta1/{+name}",
              "id": "firebase.projects.iosApps.patch",
              "description": "Updates the attributes of the IosApp identified by the specified\nresource name.",
              "request": {
                "$ref": "IosApp"
              }
            },
            "create": {
              "flatPath": "v1beta1/projects/{projectsId}/iosApps",
              "id": "firebase.projects.iosApps.create",
              "path": "v1beta1/{+parent}/iosApps",
              "description": "Requests that a new IosApp be created.\n\u003cbr\u003e\n\u003cbr\u003eThe result of this call is an `Operation` which can be used to track\nthe provisioning process. The `Operation` is automatically deleted after\ncompletion, so there is no need to call `DeleteOperation`.",
              "request": {
                "$ref": "IosApp"
              },
              "httpMethod": "POST",
              "parameterOrder": [
                "parent"
              ],
              "response": {
                "$ref": "Operation"
              },
              "parameters": {
                "parent": {
                  "required": true,
                  "type": "string",
                  "pattern": "^projects/[^/]+$",
                  "location": "path",
                  "description": "The parent Project for which to list Apps, in the format:\n\u003cbr\u003e\u003ccode\u003eprojects/\u003cvar\u003eprojectId\u003c/var\u003e\u003c/code\u003e"
                }
              },
              "scopes": [
                "https://www.googleapis.com/auth/cloud-platform",
                "https://www.googleapis.com/auth/firebase"
              ]
            },
            "getConfig": {
              "description": "Gets the configuration artifact associated with the specified IosApp.",
              "httpMethod": "GET",
              "response": {
                "$ref": "IosAppConfig"
              },
              "parameterOrder": [
                "name"
              ],
              "parameters": {
                "name": {
                  "location": "path",
                  "description": "The resource name of the App configuration to download, in the format:\n\u003cbr\u003e\u003ccode\u003eprojects/\u003cvar\u003eprojectId\u003c/var\u003e/iosApps/\u003cvar\u003eappId\u003c/var\u003e/config\u003c/code\u003e\n\u003cbr\u003eAs an \u003cvar\u003eappId\u003c/var\u003e is a unique identifier, the Unique Resource\nfrom Sub-Collection access pattern may be used here, in the format:\n\u003cbr\u003e\u003ccode\u003eprojects/-/iosApps/\u003cvar\u003eappId\u003c/var\u003e\u003c/code\u003e",
                  "required": true,
                  "type": "string",
                  "pattern": "^projects/[^/]+/iosApps/[^/]+/config$"
                }
              },
              "scopes": [
                "https://www.googleapis.com/auth/cloud-platform"
              ],
              "flatPath": "v1beta1/projects/{projectsId}/iosApps/{iosAppsId}/config",
              "id": "firebase.projects.iosApps.getConfig",
              "path": "v1beta1/{+name}"
            }
          }
        }
      }
    },
    "availableProjects": {
      "methods": {
        "list": {
          "description": "Returns a list of [Google Cloud Platform (GCP) `Projects`]\n(https://cloud.google.com/resource-manager/reference/rest/v1/projects)\nthat are available to have Firebase resources added to them.\n\u003cbr\u003e\n\u003cbr\u003eA GCP `Project` will only be returned if:\n\u003col\u003e\n  \u003cli\u003e\u003cp\u003eThe caller has sufficient\n         [Google IAM](https://cloud.google.com/iam) permissions to call\n         AddFirebase.\u003c/p\u003e\u003c/li\u003e\n  \u003cli\u003e\u003cp\u003eThe GCP `Project` is not already a FirebaseProject.\u003c/p\u003e\u003c/li\u003e\n  \u003cli\u003e\u003cp\u003eThe GCP `Project` is not in an Organization which has policies\n         that prevent Firebase resources from being added.\u003c/p\u003e\u003c/li\u003e\n\u003c/ol\u003e",
          "response": {
            "$ref": "ListAvailableProjectsResponse"
          },
          "parameterOrder": [],
          "httpMethod": "GET",
          "parameters": {
            "pageToken": {
              "location": "query",
              "description": "Token returned from a previous call to `ListAvailableProjects`\nindicating where in the set of GCP `Projects` to resume listing.",
              "type": "string"
            },
            "pageSize": {
              "type": "integer",
              "location": "query",
              "description": "The maximum number of GCP `Projects` to return in the response.\n\u003cbr\u003e\n\u003cbr\u003eThe server may return fewer than this value at its discretion.\nIf no value is specified (or too large a value is specified), the server\nwill impose its own limit.\n\u003cbr\u003e\n\u003cbr\u003eThis value cannot be negative.",
              "format": "int32"
            }
          },
          "scopes": [
            "https://www.googleapis.com/auth/cloud-platform",
            "https://www.googleapis.com/auth/cloud-platform.read-only",
            "https://www.googleapis.com/auth/firebase",
            "https://www.googleapis.com/auth/firebase.readonly"
          ],
          "flatPath": "v1beta1/availableProjects",
          "path": "v1beta1/availableProjects",
          "id": "firebase.availableProjects.list"
        }
      }
    }
  },
  "parameters": {
    "upload_protocol": {
      "location": "query",
      "description": "Upload protocol for media (e.g. \"raw\", \"multipart\").",
      "type": "string"
    },
    "quotaUser": {
      "type": "string",
      "location": "query",
      "description": "Available to use for quota purposes for server-side applications. Can be any arbitrary string assigned to a user, but should not exceed 40 characters."
    },
    "prettyPrint": {
      "type": "boolean",
      "default": "true",
      "location": "query",
      "description": "Returns response with indentations and line breaks."
    },
    "fields": {
      "location": "query",
      "description": "Selector specifying which fields to include in a partial response.",
      "type": "string"
    },
    "uploadType": {
      "type": "string",
      "location": "query",
      "description": "Legacy upload protocol for media (e.g. \"media\", \"multipart\")."
    },
    "callback": {
      "location": "query",
      "description": "JSONP",
      "type": "string"
    },
    "oauth_token": {
      "type": "string",
      "location": "query",
      "description": "OAuth 2.0 token for the current user."
    },
    "$.xgafv": {
      "type": "string",
      "enumDescriptions": [
        "v1 error format",
        "v2 error format"
      ],
      "location": "query",
      "enum": [
        "1",
        "2"
      ],
      "description": "V1 error format."
    },
    "alt": {
      "default": "json",
      "enum": [
        "json",
        "media",
        "proto"
      ],
      "type": "string",
      "enumDescriptions": [
        "Responses with Content-Type of application/json",
        "Media download with context-dependent Content-Type",
        "Responses with Content-Type of application/x-protobuf"
      ],
      "location": "query",
      "description": "Data format for response."
    },
    "access_token": {
      "location": "query",
      "description": "OAuth access token.",
      "type": "string"
    },
    "key": {
      "location": "query",
      "description": "API key. Your API key identifies your project and provides you with API access, quota, and reports. Required unless you provide an OAuth 2.0 token.",
      "type": "string"
    }
  }
}
