{
  "canonicalName": "Cloud Natural Language",
  "auth": {
    "oauth2": {
      "scopes": {
        "https://www.googleapis.com/auth/cloud-language": {
          "description": "Apply machine learning models to reveal the structure and meaning of text"
        },
        "https://www.googleapis.com/auth/cloud-platform": {
          "description": "View and manage your data across Google Cloud Platform services"
        }
      }
    }
  },
  "rootUrl": "https://language.googleapis.com/",
  "ownerDomain": "google.com",
  "name": "language",
  "batchPath": "batch",
  "fullyEncodeReservedExpansion": true,
  "title": "Cloud Natural Language API",
  "ownerName": "Google",
  "resources": {
    "documents": {
      "methods": {
        "analyzeSentiment": {
          "request": {
            "$ref": "AnalyzeSentimentRequest"
          },
          "description": "Analyzes the sentiment of the provided text.",
          "response": {
            "$ref": "AnalyzeSentimentResponse"
          },
          "parameterOrder": [],
          "httpMethod": "POST",
          "scopes": [
            "https://www.googleapis.com/auth/cloud-language",
            "https://www.googleapis.com/auth/cloud-platform"
          ],
          "parameters": {},
          "flatPath": "v1/documents:analyzeSentiment",
          "path": "v1/documents:analyzeSentiment",
          "id": "language.documents.analyzeSentiment"
        },
        "analyzeEntitySentiment": {
          "httpMethod": "POST",
          "parameterOrder": [],
          "response": {
            "$ref": "AnalyzeEntitySentimentResponse"
          },
          "scopes": [
            "https://www.googleapis.com/auth/cloud-language",
            "https://www.googleapis.com/auth/cloud-platform"
          ],
          "parameters": {},
          "flatPath": "v1/documents:analyzeEntitySentiment",
          "id": "language.documents.analyzeEntitySentiment",
          "path": "v1/documents:analyzeEntitySentiment",
          "request": {
            "$ref": "AnalyzeEntitySentimentRequest"
          },
          "description": "Finds entities, similar to AnalyzeEntities in the text and analyzes\nsentiment associated with each entity and its mentions."
        },
        "analyzeEntities": {
          "request": {
            "$ref": "AnalyzeEntitiesRequest"
          },
          "description": "Finds named entities (currently proper names and common nouns) in the text\nalong with entity types, salience, mentions for each entity, and\nother properties.",
          "response": {
            "$ref": "AnalyzeEntitiesResponse"
          },
          "parameterOrder": [],
          "httpMethod": "POST",
          "scopes": [
            "https://www.googleapis.com/auth/cloud-language",
            "https://www.googleapis.com/auth/cloud-platform"
          ],
          "parameters": {},
          "flatPath": "v1/documents:analyzeEntities",
          "path": "v1/documents:analyzeEntities",
          "id": "language.documents.analyzeEntities"
        },
        "analyzeSyntax": {
          "path": "v1/documents:analyzeSyntax",
          "id": "language.documents.analyzeSyntax",
          "request": {
            "$ref": "AnalyzeSyntaxRequest"
          },
          "description": "Analyzes the syntax of the text and provides sentence boundaries and\ntokenization along with part of speech tags, dependency trees, and other\nproperties.",
          "response": {
            "$ref": "AnalyzeSyntaxResponse"
          },
          "parameterOrder": [],
          "httpMethod": "POST",
          "scopes": [
            "https://www.googleapis.com/auth/cloud-language",
            "https://www.googleapis.com/auth/cloud-platform"
          ],
          "parameters": {},
          "flatPath": "v1/documents:analyzeSyntax"
        },
        "annotateText": {
          "path": "v1/documents:annotateText",
          "id": "language.documents.annotateText",
          "description": "A convenience method that provides all the features that analyzeSentiment,\nanalyzeEntities, and analyzeSyntax provide in one call.",
          "request": {
            "$ref": "AnnotateTextRequest"
          },
          "response": {
            "$ref": "AnnotateTextResponse"
          },
          "parameterOrder": [],
          "httpMethod": "POST",
          "parameters": {},
          "scopes": [
            "https://www.googleapis.com/auth/cloud-language",
            "https://www.googleapis.com/auth/cloud-platform"
          ],
          "flatPath": "v1/documents:annotateText"
        },
        "classifyText": {
          "description": "Classifies a document into categories.",
          "request": {
            "$ref": "ClassifyTextRequest"
          },
          "httpMethod": "POST",
          "parameterOrder": [],
          "response": {
            "$ref": "ClassifyTextResponse"
          },
          "parameters": {},
          "scopes": [
            "https://www.googleapis.com/auth/cloud-language",
            "https://www.googleapis.com/auth/cloud-platform"
          ],
          "flatPath": "v1/documents:classifyText",
          "id": "language.documents.classifyText",
          "path": "v1/documents:classifyText"
        }
      }
    }
  },
  "parameters": {
    "access_token": {
      "description": "OAuth access token.",
      "type": "string",
      "location": "query"
    },
    "key": {
      "location": "query",
      "description": "API key. Your API key identifies your project and provides you with API access, quota, and reports. Required unless you provide an OAuth 2.0 token.",
      "type": "string"
    },
    "upload_protocol": {
      "location": "query",
      "description": "Upload protocol for media (e.g. \"raw\", \"multipart\").",
      "type": "string"
    },
    "quotaUser": {
      "location": "query",
      "description": "Available to use for quota purposes for server-side applications. Can be any arbitrary string assigned to a user, but should not exceed 40 characters.",
      "type": "string"
    },
    "prettyPrint": {
      "location": "query",
      "description": "Returns response with indentations and line breaks.",
      "type": "boolean",
      "default": "true"
    },
    "fields": {
      "type": "string",
      "location": "query",
      "description": "Selector specifying which fields to include in a partial response."
    },
    "uploadType": {
      "description": "Legacy upload protocol for media (e.g. \"media\", \"multipart\").",
      "type": "string",
      "location": "query"
    },
    "callback": {
      "description": "JSONP",
      "type": "string",
      "location": "query"
    },
    "oauth_token": {
      "description": "OAuth 2.0 token for the current user.",
      "type": "string",
      "location": "query"
    },
    "$.xgafv": {
      "location": "query",
      "enum": [
        "1",
        "2"
      ],
      "description": "V1 error format.",
      "type": "string",
      "enumDescriptions": [
        "v1 error format",
        "v2 error format"
      ]
    },
    "alt": {
      "type": "string",
      "enumDescriptions": [
        "Responses with Content-Type of application/json",
        "Media download with context-dependent Content-Type",
        "Responses with Content-Type of application/x-protobuf"
      ],
      "location": "query",
      "description": "Data format for response.",
      "default": "json",
      "enum": [
        "json",
        "media",
        "proto"
      ]
    }
  },
  "version": "v1",
  "baseUrl": "https://language.googleapis.com/",
  "kind": "discovery#restDescription",
  "description": "Provides natural language understanding technologies, such as sentiment analysis, entity recognition, entity sentiment analysis, and other text annotations, to developers.",
  "servicePath": "",
  "basePath": "",
  "id": "language:v1",
  "documentationLink": "https://cloud.google.com/natural-language/",
  "revision": "20190713",
  "discoveryVersion": "v1",
  "version_module": true,
  "schemas": {
    "AnnotateTextResponse": {
      "id": "AnnotateTextResponse",
      "description": "The text annotations response message.",
      "type": "object",
      "properties": {
        "sentences": {
          "type": "array",
          "items": {
            "$ref": "Sentence"
          },
          "description": "Sentences in the input document. Populated if the user enables\nAnnotateTextRequest.Features.extract_syntax."
        },
        "tokens": {
          "type": "array",
          "items": {
            "$ref": "Token"
          },
          "description": "Tokens, along with their syntactic information, in the input document.\nPopulated if the user enables\nAnnotateTextRequest.Features.extract_syntax."
        },
        "categories": {
          "description": "Categories identified in the input document.",
          "type": "array",
          "items": {
            "$ref": "ClassificationCategory"
          }
        },
        "documentSentiment": {
          "$ref": "Sentiment",
          "description": "The overall sentiment for the document. Populated if the user enables\nAnnotateTextRequest.Features.extract_document_sentiment."
        },
        "language": {
          "type": "string",
          "description": "The language of the text, which will be the same as the language specified\nin the request or, if not specified, the automatically-detected language.\nSee Document.language field for more details."
        },
        "entities": {
          "description": "Entities, along with their semantic information, in the input document.\nPopulated if the user enables\nAnnotateTextRequest.Features.extract_entities.",
          "type": "array",
          "items": {
            "$ref": "Entity"
          }
        }
      }
    },
    "DependencyEdge": {
      "type": "object",
      "properties": {
        "label": {
          "enum": [
            "UNKNOWN",
            "ABBREV",
            "ACOMP",
            "ADVCL",
            "ADVMOD",
            "AMOD",
            "APPOS",
            "ATTR",
            "AUX",
            "AUXPASS",
            "CC",
            "CCOMP",
            "CONJ",
            "CSUBJ",
            "CSUBJPASS",
            "DEP",
            "DET",
            "DISCOURSE",
            "DOBJ",
            "EXPL",
            "GOESWITH",
            "IOBJ",
            "MARK",
            "MWE",
            "MWV",
            "NEG",
            "NN",
            "NPADVMOD",
            "NSUBJ",
            "NSUBJPASS",
            "NUM",
            "NUMBER",
            "P",
            "PARATAXIS",
            "PARTMOD",
            "PCOMP",
            "POBJ",
            "POSS",
            "POSTNEG",
            "PRECOMP",
            "PRECONJ",
            "PREDET",
            "PREF",
            "PREP",
            "PRONL",
            "PRT",
            "PS",
            "QUANTMOD",
            "RCMOD",
            "RCMODREL",
            "RDROP",
            "REF",
            "REMNANT",
            "REPARANDUM",
            "ROOT",
            "SNUM",
            "SUFF",
            "TMOD",
            "TOPIC",
            "VMOD",
            "VOCATIVE",
            "XCOMP",
            "SUFFIX",
            "TITLE",
            "ADVPHMOD",
            "AUXCAUS",
            "AUXVV",
            "DTMOD",
            "FOREIGN",
            "KW",
            "LIST",
            "NOMC",
            "NOMCSUBJ",
            "NOMCSUBJPASS",
            "NUMC",
            "COP",
            "DISLOCATED",
            "ASP",
            "GMOD",
            "GOBJ",
            "INFMOD",
            "MES",
            "NCOMP"
          ],
          "description": "The parse label for the token.",
          "type": "string",
          "enumDescriptions": [
            "Unknown",
            "Abbreviation modifier",
            "Adjectival complement",
            "Adverbial clause modifier",
            "Adverbial modifier",
            "Adjectival modifier of an NP",
            "Appositional modifier of an NP",
            "Attribute dependent of a copular verb",
            "Auxiliary (non-main) verb",
            "Passive auxiliary",
            "Coordinating conjunction",
            "Clausal complement of a verb or adjective",
            "Conjunct",
            "Clausal subject",
            "Clausal passive subject",
            "Dependency (unable to determine)",
            "Determiner",
            "Discourse",
            "Direct object",
            "Expletive",
            "Goes with (part of a word in a text not well edited)",
            "Indirect object",
            "Marker (word introducing a subordinate clause)",
            "Multi-word expression",
            "Multi-word verbal expression",
            "Negation modifier",
            "Noun compound modifier",
            "Noun phrase used as an adverbial modifier",
            "Nominal subject",
            "Passive nominal subject",
            "Numeric modifier of a noun",
            "Element of compound number",
            "Punctuation mark",
            "Parataxis relation",
            "Participial modifier",
            "The complement of a preposition is a clause",
            "Object of a preposition",
            "Possession modifier",
            "Postverbal negative particle",
            "Predicate complement",
            "Preconjunt",
            "Predeterminer",
            "Prefix",
            "Prepositional modifier",
            "The relationship between a verb and verbal morpheme",
            "Particle",
            "Associative or possessive marker",
            "Quantifier phrase modifier",
            "Relative clause modifier",
            "Complementizer in relative clause",
            "Ellipsis without a preceding predicate",
            "Referent",
            "Remnant",
            "Reparandum",
            "Root",
            "Suffix specifying a unit of number",
            "Suffix",
            "Temporal modifier",
            "Topic marker",
            "Clause headed by an infinite form of the verb that modifies a noun",
            "Vocative",
            "Open clausal complement",
            "Name suffix",
            "Name title",
            "Adverbial phrase modifier",
            "Causative auxiliary",
            "Helper auxiliary",
            "Rentaishi (Prenominal modifier)",
            "Foreign words",
            "Keyword",
            "List for chains of comparable items",
            "Nominalized clause",
            "Nominalized clausal subject",
            "Nominalized clausal passive",
            "Compound of numeric modifier",
            "Copula",
            "Dislocated relation (for fronted/topicalized elements)",
            "Aspect marker",
            "Genitive modifier",
            "Genitive object",
            "Infinitival modifier",
            "Measure",
            "Nominal complement of a noun"
          ]
        },
        "headTokenIndex": {
          "description": "Represents the head of this token in the dependency tree.\nThis is the index of the token which has an arc going to this token.\nThe index is the position of the token in the array of tokens returned\nby the API method. If this token is a root token, then the\n`head_token_index` is its own index.",
          "format": "int32",
          "type": "integer"
        }
      },
      "id": "DependencyEdge",
      "description": "Represents dependency parse tree information for a token. (For more\ninformation on dependency labels, see\nhttp://www.aclweb.org/anthology/P13-2017"
    },
    "TextSpan": {
      "id": "TextSpan",
      "description": "Represents an output piece of text.",
      "type": "object",
      "properties": {
        "content": {
          "description": "The content of the output text.",
          "type": "string"
        },
        "beginOffset": {
          "description": "The API calculates the beginning offset of the content in the original\ndocument according to the EncodingType specified in the API request.",
          "format": "int32",
          "type": "integer"
        }
      }
    },
    "Token": {
      "type": "object",
      "properties": {
        "partOfSpeech": {
          "$ref": "PartOfSpeech",
          "description": "Parts of speech tag for this token."
        },
        "text": {
          "$ref": "TextSpan",
          "description": "The token text."
        },
        "dependencyEdge": {
          "description": "Dependency tree parse for this token.",
          "$ref": "DependencyEdge"
        },
        "lemma": {
          "description": "[Lemma](https://en.wikipedia.org/wiki/Lemma_%28morphology%29) of the token.",
          "type": "string"
        }
      },
      "id": "Token",
      "description": "Represents the smallest syntactic building block of the text."
    },
    "ClassifyTextResponse": {
      "description": "The document classification response message.",
      "type": "object",
      "properties": {
        "categories": {
          "description": "Categories representing the input document.",
          "type": "array",
          "items": {
            "$ref": "ClassificationCategory"
          }
        }
      },
      "id": "ClassifyTextResponse"
    },
    "EntityMention": {
      "description": "Represents a mention for an entity in the text. Currently, proper noun\nmentions are supported.",
      "type": "object",
      "properties": {
        "text": {
          "$ref": "TextSpan",
          "description": "The mention text."
        },
        "type": {
          "enum": [
            "TYPE_UNKNOWN",
            "PROPER",
            "COMMON"
          ],
          "description": "The type of the entity mention.",
          "type": "string",
          "enumDescriptions": [
            "Unknown",
            "Proper name",
            "Common noun (or noun compound)"
          ]
        },
        "sentiment": {
          "$ref": "Sentiment",
          "description": "For calls to AnalyzeEntitySentiment or if\nAnnotateTextRequest.Features.extract_entity_sentiment is set to\ntrue, this field will contain the sentiment expressed for this mention of\nthe entity in the provided document."
        }
      },
      "id": "EntityMention"
    },
    "Sentence": {
      "id": "Sentence",
      "description": "Represents a sentence in the input document.",
      "type": "object",
      "properties": {
        "text": {
          "$ref": "TextSpan",
          "description": "The sentence text."
        },
        "sentiment": {
          "$ref": "Sentiment",
          "description": "For calls to AnalyzeSentiment or if\nAnnotateTextRequest.Features.extract_document_sentiment is set to\ntrue, this field will contain the sentiment for the sentence."
        }
      }
    },
    "Sentiment": {
      "description": "Represents the feeling associated with the entire text or entities in\nthe text.",
      "type": "object",
      "properties": {
        "score": {
          "type": "number",
          "description": "Sentiment score between -1.0 (negative sentiment) and 1.0\n(positive sentiment).",
          "format": "float"
        },
        "magnitude": {
          "description": "A non-negative number in the [0, +inf) range, which represents\nthe absolute magnitude of sentiment regardless of score (positive or\nnegative).",
          "format": "float",
          "type": "number"
        }
      },
      "id": "Sentiment"
    },
    "AnalyzeEntitySentimentRequest": {
      "description": "The entity-level sentiment analysis request message.",
      "type": "object",
      "properties": {
        "encodingType": {
          "description": "The encoding type used by the API to calculate offsets.",
          "type": "string",
          "enumDescriptions": [
            "If `EncodingType` is not specified, encoding-dependent information (such as\n`begin_offset`) will be set at `-1`.",
            "Encoding-dependent information (such as `begin_offset`) is calculated based\non the UTF-8 encoding of the input. C++ and Go are examples of languages\nthat use this encoding natively.",
            "Encoding-dependent information (such as `begin_offset`) is calculated based\non the UTF-16 encoding of the input. Java and JavaScript are examples of\nlanguages that use this encoding natively.",
            "Encoding-dependent information (such as `begin_offset`) is calculated based\non the UTF-32 encoding of the input. Python is an example of a language\nthat uses this encoding natively."
          ],
          "enum": [
            "NONE",
            "UTF8",
            "UTF16",
            "UTF32"
          ]
        },
        "document": {
          "$ref": "Document",
          "description": "Required. Input document."
        }
      },
      "id": "AnalyzeEntitySentimentRequest"
    },
    "PartOfSpeech": {
      "id": "PartOfSpeech",
      "description": "Represents part of speech information for a token. Parts of speech\nare as defined in\nhttp://www.lrec-conf.org/proceedings/lrec2012/pdf/274_Paper.pdf",
      "type": "object",
      "properties": {
        "mood": {
          "type": "string",
          "enumDescriptions": [
            "Mood is not applicable in the analyzed language or is not predicted.",
            "Conditional",
            "Imperative",
            "Indicative",
            "Interrogative",
            "Jussive",
            "Subjunctive"
          ],
          "enum": [
            "MOOD_UNKNOWN",
            "CONDITIONAL_MOOD",
            "IMPERATIVE",
            "INDICATIVE",
            "INTERROGATIVE",
            "JUSSIVE",
            "SUBJUNCTIVE"
          ],
          "description": "The grammatical mood."
        },
        "tag": {
          "type": "string",
          "enumDescriptions": [
            "Unknown",
            "Adjective",
            "Adposition (preposition and postposition)",
            "Adverb",
            "Conjunction",
            "Determiner",
            "Noun (common and proper)",
            "Cardinal number",
            "Pronoun",
            "Particle or other function word",
            "Punctuation",
            "Verb (all tenses and modes)",
            "Other: foreign words, typos, abbreviations",
            "Affix"
          ],
          "enum": [
            "UNKNOWN",
            "ADJ",
            "ADP",
            "ADV",
            "CONJ",
            "DET",
            "NOUN",
            "NUM",
            "PRON",
            "PRT",
            "PUNCT",
            "VERB",
            "X",
            "AFFIX"
          ],
          "description": "The part of speech tag."
        },
        "gender": {
          "enumDescriptions": [
            "Gender is not applicable in the analyzed language or is not predicted.",
            "Feminine",
            "Masculine",
            "Neuter"
          ],
          "enum": [
            "GENDER_UNKNOWN",
            "FEMININE",
            "MASCULINE",
            "NEUTER"
          ],
          "description": "The grammatical gender.",
          "type": "string"
        },
        "person": {
          "type": "string",
          "enumDescriptions": [
            "Person is not applicable in the analyzed language or is not predicted.",
            "First",
            "Second",
            "Third",
            "Reflexive"
          ],
          "enum": [
            "PERSON_UNKNOWN",
            "FIRST",
            "SECOND",
            "THIRD",
            "REFLEXIVE_PERSON"
          ],
          "description": "The grammatical person."
        },
        "proper": {
          "type": "string",
          "enumDescriptions": [
            "Proper is not applicable in the analyzed language or is not predicted.",
            "Proper",
            "Not proper"
          ],
          "enum": [
            "PROPER_UNKNOWN",
            "PROPER",
            "NOT_PROPER"
          ],
          "description": "The grammatical properness."
        },
        "case": {
          "type": "string",
          "enumDescriptions": [
            "Case is not applicable in the analyzed language or is not predicted.",
            "Accusative",
            "Adverbial",
            "Complementive",
            "Dative",
            "Genitive",
            "Instrumental",
            "Locative",
            "Nominative",
            "Oblique",
            "Partitive",
            "Prepositional",
            "Reflexive",
            "Relative",
            "Vocative"
          ],
          "enum": [
            "CASE_UNKNOWN",
            "ACCUSATIVE",
            "ADVERBIAL",
            "COMPLEMENTIVE",
            "DATIVE",
            "GENITIVE",
            "INSTRUMENTAL",
            "LOCATIVE",
            "NOMINATIVE",
            "OBLIQUE",
            "PARTITIVE",
            "PREPOSITIONAL",
            "REFLEXIVE_CASE",
            "RELATIVE_CASE",
            "VOCATIVE"
          ],
          "description": "The grammatical case."
        },
        "tense": {
          "type": "string",
          "enumDescriptions": [
            "Tense is not applicable in the analyzed language or is not predicted.",
            "Conditional",
            "Future",
            "Past",
            "Present",
            "Imperfect",
            "Pluperfect"
          ],
          "enum": [
            "TENSE_UNKNOWN",
            "CONDITIONAL_TENSE",
            "FUTURE",
            "PAST",
            "PRESENT",
            "IMPERFECT",
            "PLUPERFECT"
          ],
          "description": "The grammatical tense."
        },
        "reciprocity": {
          "type": "string",
          "enumDescriptions": [
            "Reciprocity is not applicable in the analyzed language or is not\npredicted.",
            "Reciprocal",
            "Non-reciprocal"
          ],
          "enum": [
            "RECIPROCITY_UNKNOWN",
            "RECIPROCAL",
            "NON_RECIPROCAL"
          ],
          "description": "The grammatical reciprocity."
        },
        "form": {
          "type": "string",
          "enumDescriptions": [
            "Form is not applicable in the analyzed language or is not predicted.",
            "Adnomial",
            "Auxiliary",
            "Complementizer",
            "Final ending",
            "Gerund",
            "Realis",
            "Irrealis",
            "Short form",
            "Long form",
            "Order form",
            "Specific form"
          ],
          "enum": [
            "FORM_UNKNOWN",
            "ADNOMIAL",
            "AUXILIARY",
            "COMPLEMENTIZER",
            "FINAL_ENDING",
            "GERUND",
            "REALIS",
            "IRREALIS",
            "SHORT",
            "LONG",
            "ORDER",
            "SPECIFIC"
          ],
          "description": "The grammatical form."
        },
        "number": {
          "description": "The grammatical number.",
          "type": "string",
          "enumDescriptions": [
            "Number is not applicable in the analyzed language or is not predicted.",
            "Singular",
            "Plural",
            "Dual"
          ],
          "enum": [
            "NUMBER_UNKNOWN",
            "SINGULAR",
            "PLURAL",
            "DUAL"
          ]
        },
        "voice": {
          "enumDescriptions": [
            "Voice is not applicable in the analyzed language or is not predicted.",
            "Active",
            "Causative",
            "Passive"
          ],
          "enum": [
            "VOICE_UNKNOWN",
            "ACTIVE",
            "CAUSATIVE",
            "PASSIVE"
          ],
          "description": "The grammatical voice.",
          "type": "string"
        },
        "aspect": {
          "type": "string",
          "enumDescriptions": [
            "Aspect is not applicable in the analyzed language or is not predicted.",
            "Perfective",
            "Imperfective",
            "Progressive"
          ],
          "enum": [
            "ASPECT_UNKNOWN",
            "PERFECTIVE",
            "IMPERFECTIVE",
            "PROGRESSIVE"
          ],
          "description": "The grammatical aspect."
        }
      }
    },
    "ClassificationCategory": {
      "description": "Represents a category returned from the text classifier.",
      "type": "object",
      "properties": {
        "confidence": {
          "description": "The classifier's confidence of the category. Number represents how certain\nthe classifier is that this category represents the given text.",
          "format": "float",
          "type": "number"
        },
        "name": {
          "description": "The name of the category representing the document, from the [predefined\ntaxonomy](/natural-language/docs/categories).",
          "type": "string"
        }
      },
      "id": "ClassificationCategory"
    },
    "AnalyzeSyntaxRequest": {
      "id": "AnalyzeSyntaxRequest",
      "description": "The syntax analysis request message.",
      "type": "object",
      "properties": {
        "encodingType": {
          "description": "The encoding type used by the API to calculate offsets.",
          "type": "string",
          "enumDescriptions": [
            "If `EncodingType` is not specified, encoding-dependent information (such as\n`begin_offset`) will be set at `-1`.",
            "Encoding-dependent information (such as `begin_offset`) is calculated based\non the UTF-8 encoding of the input. C++ and Go are examples of languages\nthat use this encoding natively.",
            "Encoding-dependent information (such as `begin_offset`) is calculated based\non the UTF-16 encoding of the input. Java and JavaScript are examples of\nlanguages that use this encoding natively.",
            "Encoding-dependent information (such as `begin_offset`) is calculated based\non the UTF-32 encoding of the input. Python is an example of a language\nthat uses this encoding natively."
          ],
          "enum": [
            "NONE",
            "UTF8",
            "UTF16",
            "UTF32"
          ]
        },
        "document": {
          "$ref": "Document",
          "description": "Required. Input document."
        }
      }
    },
    "AnalyzeEntitiesResponse": {
      "description": "The entity analysis response message.",
      "type": "object",
      "properties": {
        "language": {
          "description": "The language of the text, which will be the same as the language specified\nin the request or, if not specified, the automatically-detected language.\nSee Document.language field for more details.",
          "type": "string"
        },
        "entities": {
          "description": "The recognized entities in the input document.",
          "type": "array",
          "items": {
            "$ref": "Entity"
          }
        }
      },
      "id": "AnalyzeEntitiesResponse"
    },
    "Entity": {
      "description": "Represents a phrase in the text that is a known entity, such as\na person, an organization, or location. The API associates information, such\nas salience and mentions, with entities.",
      "type": "object",
      "properties": {
        "mentions": {
          "type": "array",
          "items": {
            "$ref": "EntityMention"
          },
          "description": "The mentions of this entity in the input document. The API currently\nsupports proper noun mentions."
        },
        "name": {
          "description": "The representative name for the entity.",
          "type": "string"
        },
        "type": {
          "enumDescriptions": [
            "Unknown",
            "Person",
            "Location",
            "Organization",
            "Event",
            "Artwork",
            "Consumer product",
            "Other types of entities",
            "Phone number\n\nThe metadata lists the phone number, formatted according to local\nconvention, plus whichever additional elements appear in the text:\n\n* `number` - the actual number, broken down into sections as per local\nconvention\n* `national_prefix` - country code, if detected\n* `area_code` - region or area code, if detected\n* `extension` - phone extension (to be dialed after connection), if\ndetected",
            "Address\n\nThe metadata identifies the street number and locality plus whichever\nadditional elements appear in the text:\n\n* `street_number` - street number\n* `locality` - city or town\n* `street_name` - street/route name, if detected\n* `postal_code` - postal code, if detected\n* `country` - country, if detected\u003c\n* `broad_region` - administrative area, such as the state, if detected\n* `narrow_region` - smaller administrative area, such as county, if\ndetected\n* `sublocality` - used in Asian addresses to demark a district within a\ncity, if detected",
            "Date\n\nThe metadata identifies the components of the date:\n\n* `year` - four digit year, if detected\n* `month` - two digit month number, if detected\n* `day` - two digit day number, if detected",
            "Number\n\nThe metadata is the number itself.",
            "Price\n\nThe metadata identifies the `value` and `currency`."
          ],
          "enum": [
            "UNKNOWN",
            "PERSON",
            "LOCATION",
            "ORGANIZATION",
            "EVENT",
            "WORK_OF_ART",
            "CONSUMER_GOOD",
            "OTHER",
            "PHONE_NUMBER",
            "ADDRESS",
            "DATE",
            "NUMBER",
            "PRICE"
          ],
          "description": "The entity type.",
          "type": "string"
        },
        "metadata": {
          "additionalProperties": {
            "type": "string"
          },
          "description": "Metadata associated with the entity.\n\nFor most entity types, the metadata is a Wikipedia URL (`wikipedia_url`)\nand Knowledge Graph MID (`mid`), if they are available. For the metadata\nassociated with other entity types, see the Type table below.",
          "type": "object"
        },
        "salience": {
          "description": "The salience score associated with the entity in the [0, 1.0] range.\n\nThe salience score for an entity provides information about the\nimportance or centrality of that entity to the entire document text.\nScores closer to 0 are less salient, while scores closer to 1.0 are highly\nsalient.",
          "format": "float",
          "type": "number"
        },
        "sentiment": {
          "$ref": "Sentiment",
          "description": "For calls to AnalyzeEntitySentiment or if\nAnnotateTextRequest.Features.extract_entity_sentiment is set to\ntrue, this field will contain the aggregate sentiment expressed for this\nentity in the provided document."
        }
      },
      "id": "Entity"
    },
    "AnnotateTextRequest": {
      "id": "AnnotateTextRequest",
      "description": "The request message for the text annotation API, which can perform multiple\nanalysis types (sentiment, entities, and syntax) in one call.",
      "type": "object",
      "properties": {
        "encodingType": {
          "description": "The encoding type used by the API to calculate offsets.",
          "type": "string",
          "enumDescriptions": [
            "If `EncodingType` is not specified, encoding-dependent information (such as\n`begin_offset`) will be set at `-1`.",
            "Encoding-dependent information (such as `begin_offset`) is calculated based\non the UTF-8 encoding of the input. C++ and Go are examples of languages\nthat use this encoding natively.",
            "Encoding-dependent information (such as `begin_offset`) is calculated based\non the UTF-16 encoding of the input. Java and JavaScript are examples of\nlanguages that use this encoding natively.",
            "Encoding-dependent information (such as `begin_offset`) is calculated based\non the UTF-32 encoding of the input. Python is an example of a language\nthat uses this encoding natively."
          ],
          "enum": [
            "NONE",
            "UTF8",
            "UTF16",
            "UTF32"
          ]
        },
        "document": {
          "$ref": "Document",
          "description": "Required. Input document."
        },
        "features": {
          "description": "Required. The enabled features.",
          "$ref": "Features"
        }
      }
    },
    "AnalyzeSentimentRequest": {
      "id": "AnalyzeSentimentRequest",
      "description": "The sentiment analysis request message.",
      "type": "object",
      "properties": {
        "encodingType": {
          "enumDescriptions": [
            "If `EncodingType` is not specified, encoding-dependent information (such as\n`begin_offset`) will be set at `-1`.",
            "Encoding-dependent information (such as `begin_offset`) is calculated based\non the UTF-8 encoding of the input. C++ and Go are examples of languages\nthat use this encoding natively.",
            "Encoding-dependent information (such as `begin_offset`) is calculated based\non the UTF-16 encoding of the input. Java and JavaScript are examples of\nlanguages that use this encoding natively.",
            "Encoding-dependent information (such as `begin_offset`) is calculated based\non the UTF-32 encoding of the input. Python is an example of a language\nthat uses this encoding natively."
          ],
          "enum": [
            "NONE",
            "UTF8",
            "UTF16",
            "UTF32"
          ],
          "description": "The encoding type used by the API to calculate sentence offsets.",
          "type": "string"
        },
        "document": {
          "$ref": "Document",
          "description": "Required. Input document."
        }
      }
    },
    "Status": {
      "description": "The `Status` type defines a logical error model that is suitable for\ndifferent programming environments, including REST APIs and RPC APIs. It is\nused by [gRPC](https://github.com/grpc). Each `Status` message contains\nthree pieces of data: error code, error message, and error details.\n\nYou can find out more about this error model and how to work with it in the\n[API Design Guide](https://cloud.google.com/apis/design/errors).",
      "type": "object",
      "properties": {
        "details": {
          "description": "A list of messages that carry the error details.  There is a common set of\nmessage types for APIs to use.",
          "type": "array",
          "items": {
            "additionalProperties": {
              "description": "Properties of the object. Contains field @type with type URL.",
              "type": "any"
            },
            "type": "object"
          }
        },
        "code": {
          "type": "integer",
          "description": "The status code, which should be an enum value of google.rpc.Code.",
          "format": "int32"
        },
        "message": {
          "type": "string",
          "description": "A developer-facing error message, which should be in English. Any\nuser-facing error message should be localized and sent in the\ngoogle.rpc.Status.details field, or localized by the client."
        }
      },
      "id": "Status"
    },
    "Features": {
      "description": "All available features for sentiment, syntax, and semantic analysis.\nSetting each one to true will enable that specific analysis for the input.",
      "type": "object",
      "properties": {
        "extractSyntax": {
          "type": "boolean",
          "description": "Extract syntax information."
        },
        "extractDocumentSentiment": {
          "description": "Extract document-level sentiment.",
          "type": "boolean"
        },
        "extractEntitySentiment": {
          "description": "Extract entities and their associated sentiment.",
          "type": "boolean"
        },
        "extractEntities": {
          "description": "Extract entities.",
          "type": "boolean"
        },
        "classifyText": {
          "description": "Classify the full document into categories.",
          "type": "boolean"
        }
      },
      "id": "Features"
    },
    "Document": {
      "id": "Document",
      "description": "################################################################ #\n\nRepresents the input to API methods.",
      "type": "object",
      "properties": {
        "language": {
          "description": "The language of the document (if not specified, the language is\nautomatically detected). Both ISO and BCP-47 language codes are\naccepted.\u003cbr\u003e\n[Language Support](/natural-language/docs/languages)\nlists currently supported languages for each API method.\nIf the language (either specified by the caller or automatically detected)\nis not supported by the called API method, an `INVALID_ARGUMENT` error\nis returned.",
          "type": "string"
        },
        "type": {
          "description": "Required. If the type is not set or is `TYPE_UNSPECIFIED`,\nreturns an `INVALID_ARGUMENT` error.",
          "type": "string",
          "enumDescriptions": [
            "The content type is not specified.",
            "Plain text",
            "HTML"
          ],
          "enum": [
            "TYPE_UNSPECIFIED",
            "PLAIN_TEXT",
            "HTML"
          ]
        },
        "content": {
          "description": "The content of the input in string format.\nCloud audit logging exempt since it is based on user data.",
          "type": "string"
        },
        "gcsContentUri": {
          "description": "The Google Cloud Storage URI where the file content is located.\nThis URI must be of the form: gs://bucket_name/object_name. For more\ndetails, see https://cloud.google.com/storage/docs/reference-uris.\nNOTE: Cloud Storage object versioning is not supported.",
          "type": "string"
        }
      }
    },
    "AnalyzeEntitiesRequest": {
      "id": "AnalyzeEntitiesRequest",
      "description": "The entity analysis request message.",
      "type": "object",
      "properties": {
        "encodingType": {
          "description": "The encoding type used by the API to calculate offsets.",
          "type": "string",
          "enumDescriptions": [
            "If `EncodingType` is not specified, encoding-dependent information (such as\n`begin_offset`) will be set at `-1`.",
            "Encoding-dependent information (such as `begin_offset`) is calculated based\non the UTF-8 encoding of the input. C++ and Go are examples of languages\nthat use this encoding natively.",
            "Encoding-dependent information (such as `begin_offset`) is calculated based\non the UTF-16 encoding of the input. Java and JavaScript are examples of\nlanguages that use this encoding natively.",
            "Encoding-dependent information (such as `begin_offset`) is calculated based\non the UTF-32 encoding of the input. Python is an example of a language\nthat uses this encoding natively."
          ],
          "enum": [
            "NONE",
            "UTF8",
            "UTF16",
            "UTF32"
          ]
        },
        "document": {
          "$ref": "Document",
          "description": "Required. Input document."
        }
      }
    },
    "ClassifyTextRequest": {
      "type": "object",
      "properties": {
        "document": {
          "$ref": "Document",
          "description": "Required. Input document."
        }
      },
      "id": "ClassifyTextRequest",
      "description": "The document classification request message."
    },
    "AnalyzeEntitySentimentResponse": {
      "description": "The entity-level sentiment analysis response message.",
      "type": "object",
      "properties": {
        "language": {
          "description": "The language of the text, which will be the same as the language specified\nin the request or, if not specified, the automatically-detected language.\nSee Document.language field for more details.",
          "type": "string"
        },
        "entities": {
          "description": "The recognized entities in the input document with associated sentiments.",
          "type": "array",
          "items": {
            "$ref": "Entity"
          }
        }
      },
      "id": "AnalyzeEntitySentimentResponse"
    },
    "AnalyzeSentimentResponse": {
      "description": "The sentiment analysis response message.",
      "type": "object",
      "properties": {
        "documentSentiment": {
          "$ref": "Sentiment",
          "description": "The overall sentiment of the input document."
        },
        "language": {
          "description": "The language of the text, which will be the same as the language specified\nin the request or, if not specified, the automatically-detected language.\nSee Document.language field for more details.",
          "type": "string"
        },
        "sentences": {
          "description": "The sentiment for all the sentences in the document.",
          "type": "array",
          "items": {
            "$ref": "Sentence"
          }
        }
      },
      "id": "AnalyzeSentimentResponse"
    },
    "AnalyzeSyntaxResponse": {
      "type": "object",
      "properties": {
        "tokens": {
          "description": "Tokens, along with their syntactic information, in the input document.",
          "type": "array",
          "items": {
            "$ref": "Token"
          }
        },
        "language": {
          "description": "The language of the text, which will be the same as the language specified\nin the request or, if not specified, the automatically-detected language.\nSee Document.language field for more details.",
          "type": "string"
        },
        "sentences": {
          "description": "Sentences in the input document.",
          "type": "array",
          "items": {
            "$ref": "Sentence"
          }
        }
      },
      "id": "AnalyzeSyntaxResponse",
      "description": "The syntax analysis response message."
    }
  },
  "icons": {
    "x16": "http://www.google.com/images/icons/product/search-16.gif",
    "x32": "http://www.google.com/images/icons/product/search-32.gif"
  },
  "protocol": "rest"
}
