{
  "ownerName": "Google",
  "resources": {
    "accounts": {
      "resources": {
        "products": {
          "methods": {
            "delete": {
              "description": "Deletes the product from a Manufacturer Center account.",
              "response": {
                "$ref": "Empty"
              },
              "parameterOrder": [
                "parent",
                "name"
              ],
              "httpMethod": "DELETE",
              "parameters": {
                "name": {
                  "location": "path",
                  "description": "Name in the format `{target_country}:{content_language}:{product_id}`.\n\n`target_country`   - The target country of the product as a CLDR territory\n                     code (for example, US).\n\n`content_language` - The content language of the product as a two-letter\n                     ISO 639-1 language code (for example, en).\n\n`product_id`     -   The ID of the product. For more information, see\n                     https://support.google.com/manufacturers/answer/6124116#id.",
                  "required": true,
                  "type": "string",
                  "pattern": "^[^/]+$"
                },
                "parent": {
                  "description": "Parent ID in the format `accounts/{account_id}`.\n\n`account_id` - The ID of the Manufacturer Center account.",
                  "required": true,
                  "type": "string",
                  "pattern": "^accounts/[^/]+$",
                  "location": "path"
                }
              },
              "scopes": [
                "https://www.googleapis.com/auth/manufacturercenter"
              ],
              "flatPath": "v1/accounts/{accountsId}/products/{productsId}",
              "path": "v1/{+parent}/products/{+name}",
              "id": "manufacturers.accounts.products.delete"
            },
            "list": {
              "response": {
                "$ref": "ListProductsResponse"
              },
              "parameterOrder": [
                "parent"
              ],
              "httpMethod": "GET",
              "scopes": [
                "https://www.googleapis.com/auth/manufacturercenter"
              ],
              "parameters": {
                "pageSize": {
                  "description": "Maximum number of product statuses to return in the response, used for\npaging.",
                  "format": "int32",
                  "type": "integer",
                  "location": "query"
                },
                "parent": {
                  "pattern": "^accounts/[^/]+$",
                  "location": "path",
                  "description": "Parent ID in the format `accounts/{account_id}`.\n\n`account_id` - The ID of the Manufacturer Center account.",
                  "required": true,
                  "type": "string"
                },
                "include": {
                  "location": "query",
                  "enum": [
                    "UNKNOWN",
                    "ATTRIBUTES",
                    "ISSUES",
                    "DESTINATION_STATUSES"
                  ],
                  "description": "The information to be included in the response. Only sections listed here\nwill be returned.",
                  "type": "string",
                  "repeated": true
                },
                "pageToken": {
                  "location": "query",
                  "description": "The token returned by the previous request.",
                  "type": "string"
                }
              },
              "flatPath": "v1/accounts/{accountsId}/products",
              "path": "v1/{+parent}/products",
              "id": "manufacturers.accounts.products.list",
              "description": "Lists all the products in a Manufacturer Center account."
            },
            "get": {
              "httpMethod": "GET",
              "parameterOrder": [
                "parent",
                "name"
              ],
              "response": {
                "$ref": "Product"
              },
              "parameters": {
                "parent": {
                  "pattern": "^accounts/[^/]+$",
                  "location": "path",
                  "description": "Parent ID in the format `accounts/{account_id}`.\n\n`account_id` - The ID of the Manufacturer Center account.",
                  "required": true,
                  "type": "string"
                },
                "include": {
                  "description": "The information to be included in the response. Only sections listed here\nwill be returned.",
                  "type": "string",
                  "repeated": true,
                  "location": "query",
                  "enum": [
                    "UNKNOWN",
                    "ATTRIBUTES",
                    "ISSUES",
                    "DESTINATION_STATUSES"
                  ]
                },
                "name": {
                  "required": true,
                  "type": "string",
                  "pattern": "^[^/]+$",
                  "location": "path",
                  "description": "Name in the format `{target_country}:{content_language}:{product_id}`.\n\n`target_country`   - The target country of the product as a CLDR territory\n                     code (for example, US).\n\n`content_language` - The content language of the product as a two-letter\n                     ISO 639-1 language code (for example, en).\n\n`product_id`     -   The ID of the product. For more information, see\n                     https://support.google.com/manufacturers/answer/6124116#id."
                }
              },
              "scopes": [
                "https://www.googleapis.com/auth/manufacturercenter"
              ],
              "flatPath": "v1/accounts/{accountsId}/products/{productsId}",
              "id": "manufacturers.accounts.products.get",
              "path": "v1/{+parent}/products/{+name}",
              "description": "Gets the product from a Manufacturer Center account, including product\nissues.\n\nA recently updated product takes around 15 minutes to process. Changes are\nonly visible after it has been processed. While some issues may be\navailable once the product has been processed, other issues may take days\nto appear."
            },
            "update": {
              "request": {
                "$ref": "Attributes"
              },
              "description": "Inserts or updates the attributes of the product in a Manufacturer Center\naccount.\n\nCreates a product with the provided attributes. If the product already\nexists, then all attributes are replaced with the new ones. The checks at\nupload time are minimal. All required attributes need to be present for a\nproduct to be valid. Issues may show up later after the API has accepted a\nnew upload for a product and it is possible to overwrite an existing valid\nproduct with an invalid product. To detect this, you should retrieve the\nproduct and check it for issues once the new version is available.\n\nUploaded attributes first need to be processed before they can be\nretrieved. Until then, new products will be unavailable, and retrieval\nof previously uploaded products will return the original state of the\nproduct.",
              "response": {
                "$ref": "Empty"
              },
              "parameterOrder": [
                "parent",
                "name"
              ],
              "httpMethod": "PUT",
              "scopes": [
                "https://www.googleapis.com/auth/manufacturercenter"
              ],
              "parameters": {
                "parent": {
                  "pattern": "^accounts/[^/]+$",
                  "location": "path",
                  "description": "Parent ID in the format `accounts/{account_id}`.\n\n`account_id` - The ID of the Manufacturer Center account.",
                  "required": true,
                  "type": "string"
                },
                "name": {
                  "location": "path",
                  "description": "Name in the format `{target_country}:{content_language}:{product_id}`.\n\n`target_country`   - The target country of the product as a CLDR territory\n                     code (for example, US).\n\n`content_language` - The content language of the product as a two-letter\n                     ISO 639-1 language code (for example, en).\n\n`product_id`     -   The ID of the product. For more information, see\n                     https://support.google.com/manufacturers/answer/6124116#id.",
                  "required": true,
                  "type": "string",
                  "pattern": "^[^/]+$"
                }
              },
              "flatPath": "v1/accounts/{accountsId}/products/{productsId}",
              "path": "v1/{+parent}/products/{+name}",
              "id": "manufacturers.accounts.products.update"
            }
          }
        }
      }
    }
  },
  "parameters": {
    "key": {
      "type": "string",
      "location": "query",
      "description": "API key. Your API key identifies your project and provides you with API access, quota, and reports. Required unless you provide an OAuth 2.0 token."
    },
    "access_token": {
      "description": "OAuth access token.",
      "type": "string",
      "location": "query"
    },
    "upload_protocol": {
      "type": "string",
      "location": "query",
      "description": "Upload protocol for media (e.g. \"raw\", \"multipart\")."
    },
    "prettyPrint": {
      "location": "query",
      "description": "Returns response with indentations and line breaks.",
      "type": "boolean",
      "default": "true"
    },
    "quotaUser": {
      "location": "query",
      "description": "Available to use for quota purposes for server-side applications. Can be any arbitrary string assigned to a user, but should not exceed 40 characters.",
      "type": "string"
    },
    "uploadType": {
      "description": "Legacy upload protocol for media (e.g. \"media\", \"multipart\").",
      "type": "string",
      "location": "query"
    },
    "fields": {
      "description": "Selector specifying which fields to include in a partial response.",
      "type": "string",
      "location": "query"
    },
    "$.xgafv": {
      "type": "string",
      "enumDescriptions": [
        "v1 error format",
        "v2 error format"
      ],
      "location": "query",
      "enum": [
        "1",
        "2"
      ],
      "description": "V1 error format."
    },
    "oauth_token": {
      "description": "OAuth 2.0 token for the current user.",
      "type": "string",
      "location": "query"
    },
    "callback": {
      "description": "JSONP",
      "type": "string",
      "location": "query"
    },
    "alt": {
      "enumDescriptions": [
        "Responses with Content-Type of application/json",
        "Media download with context-dependent Content-Type",
        "Responses with Content-Type of application/x-protobuf"
      ],
      "location": "query",
      "description": "Data format for response.",
      "default": "json",
      "enum": [
        "json",
        "media",
        "proto"
      ],
      "type": "string"
    }
  },
  "version": "v1",
  "baseUrl": "https://manufacturers.googleapis.com/",
  "kind": "discovery#restDescription",
  "description": "Public API for managing Manufacturer Center related data.",
  "servicePath": "",
  "basePath": "",
  "revision": "20190711",
  "documentationLink": "https://developers.google.com/manufacturers/",
  "id": "manufacturers:v1",
  "discoveryVersion": "v1",
  "version_module": true,
  "schemas": {
    "FeatureDescription": {
      "description": "A feature description of the product. For more information, see\nhttps://support.google.com/manufacturers/answer/6124116#featuredesc.",
      "type": "object",
      "properties": {
        "image": {
          "$ref": "Image",
          "description": "An optional image describing the feature."
        },
        "headline": {
          "description": "A short description of the feature.",
          "type": "string"
        },
        "text": {
          "description": "A detailed description of the feature.",
          "type": "string"
        }
      },
      "id": "FeatureDescription"
    },
    "Price": {
      "description": "A price.",
      "type": "object",
      "properties": {
        "amount": {
          "description": "The numeric value of the price.",
          "type": "string"
        },
        "currency": {
          "description": "The currency in which the price is denoted.",
          "type": "string"
        }
      },
      "id": "Price"
    },
    "Empty": {
      "description": "A generic empty message that you can re-use to avoid defining duplicated\nempty messages in your APIs. A typical example is to use it as the request\nor the response type of an API method. For instance:\n\n    service Foo {\n      rpc Bar(google.protobuf.Empty) returns (google.protobuf.Empty);\n    }\n\nThe JSON representation for `Empty` is empty JSON object `{}`.",
      "type": "object",
      "properties": {},
      "id": "Empty"
    },
    "Attributes": {
      "properties": {
        "pattern": {
          "description": "The pattern of the product. For more information, see\nhttps://support.google.com/manufacturers/answer/6124116#pattern.",
          "type": "string"
        },
        "imageLink": {
          "description": "The image of the product. For more information, see\nhttps://support.google.com/manufacturers/answer/6124116#image.",
          "$ref": "Image"
        },
        "productType": {
          "description": "The type or category of the product. For more information, see\nhttps://support.google.com/manufacturers/answer/6124116#producttype.",
          "type": "array",
          "items": {
            "type": "string"
          }
        },
        "format": {
          "description": "The format of the product. For more information, see\nhttps://support.google.com/manufacturers/answer/6124116#format.",
          "type": "string"
        },
        "additionalImageLink": {
          "description": "The additional images of the product. For more information, see\nhttps://support.google.com/manufacturers/answer/6124116#addlimage.",
          "type": "array",
          "items": {
            "$ref": "Image"
          }
        },
        "videoLink": {
          "type": "array",
          "items": {
            "type": "string"
          },
          "description": "The videos of the product. For more information, see\nhttps://support.google.com/manufacturers/answer/6124116#video."
        },
        "color": {
          "description": "The color of the product. For more information, see\nhttps://support.google.com/manufacturers/answer/6124116#color.",
          "type": "string"
        },
        "excludedDestination": {
          "description": "A list of excluded destinations.",
          "type": "array",
          "items": {
            "type": "string"
          }
        },
        "productName": {
          "description": "The canonical name of the product. For more information, see\nhttps://support.google.com/manufacturers/answer/6124116#productname.",
          "type": "string"
        },
        "sizeType": {
          "description": "The size type of the product. For more information, see\nhttps://support.google.com/manufacturers/answer/6124116#sizetype.",
          "type": "string"
        },
        "suggestedRetailPrice": {
          "description": "The suggested retail price (MSRP) of the product. For more information,\nsee https://support.google.com/manufacturers/answer/6124116#price.",
          "$ref": "Price"
        },
        "featureDescription": {
          "description": "The rich format description of the product. For more information, see\nhttps://support.google.com/manufacturers/answer/6124116#featuredesc.",
          "type": "array",
          "items": {
            "$ref": "FeatureDescription"
          }
        },
        "size": {
          "description": "The size of the product. For more information, see\nhttps://support.google.com/manufacturers/answer/6124116#size.",
          "type": "string"
        },
        "title": {
          "description": "The title of the product. For more information, see\nhttps://support.google.com/manufacturers/answer/6124116#title.",
          "type": "string"
        },
        "count": {
          "$ref": "Count",
          "description": "The count of the product. For more information, see\nhttps://support.google.com/manufacturers/answer/6124116#count."
        },
        "brand": {
          "description": "The brand name of the product. For more information, see\nhttps://support.google.com/manufacturers/answer/6124116#brand.",
          "type": "string"
        },
        "material": {
          "type": "string",
          "description": "The material of the product. For more information, see\nhttps://support.google.com/manufacturers/answer/6124116#material."
        },
        "disclosureDate": {
          "description": "The disclosure date of the product. For more information, see\nhttps://support.google.com/manufacturers/answer/6124116#disclosure.",
          "type": "string"
        },
        "scent": {
          "description": "The scent of the product. For more information, see\n https://support.google.com/manufacturers/answer/6124116#scent.",
          "type": "string"
        },
        "flavor": {
          "type": "string",
          "description": "The flavor of the product. For more information, see\nhttps://support.google.com/manufacturers/answer/6124116#flavor."
        },
        "productDetail": {
          "description": "The details of the product. For more information, see\nhttps://support.google.com/manufacturers/answer/6124116#productdetail.",
          "type": "array",
          "items": {
            "$ref": "ProductDetail"
          }
        },
        "ageGroup": {
          "description": "The target age group of the product. For more information, see\nhttps://support.google.com/manufacturers/answer/6124116#agegroup.",
          "type": "string"
        },
        "productPageUrl": {
          "description": "The URL of the detail page of the product. For more information, see\nhttps://support.google.com/manufacturers/answer/6124116#productpage.",
          "type": "string"
        },
        "mpn": {
          "description": "The Manufacturer Part Number (MPN) of the product. For more information,\nsee https://support.google.com/manufacturers/answer/6124116#mpn.",
          "type": "string"
        },
        "releaseDate": {
          "type": "string",
          "description": "The release date of the product. For more information, see\nhttps://support.google.com/manufacturers/answer/6124116#release."
        },
        "itemGroupId": {
          "description": "The item group id of the product. For more information, see\nhttps://support.google.com/manufacturers/answer/6124116#itemgroupid.",
          "type": "string"
        },
        "gtin": {
          "description": "The Global Trade Item Number (GTIN) of the product. For more information,\nsee https://support.google.com/manufacturers/answer/6124116#gtin.",
          "type": "array",
          "items": {
            "type": "string"
          }
        },
        "productLine": {
          "description": "The name of the group of products related to the product. For more\ninformation, see\nhttps://support.google.com/manufacturers/answer/6124116#productline.",
          "type": "string"
        },
        "capacity": {
          "$ref": "Capacity",
          "description": "The capacity of the product. For more information, see\nhttps://support.google.com/manufacturers/answer/6124116#capacity."
        },
        "description": {
          "type": "string",
          "description": "The description of the product. For more information, see\nhttps://support.google.com/manufacturers/answer/6124116#description."
        },
        "includedDestination": {
          "description": "A list of included destinations.",
          "type": "array",
          "items": {
            "type": "string"
          }
        },
        "gender": {
          "description": "The target gender of the product. For more information, see\nhttps://support.google.com/manufacturers/answer/6124116#gender.",
          "type": "string"
        },
        "sizeSystem": {
          "type": "string",
          "description": "The size system of the product. For more information, see\nhttps://support.google.com/manufacturers/answer/6124116#sizesystem."
        },
        "theme": {
          "description": "The theme of the product. For more information, see\nhttps://support.google.com/manufacturers/answer/6124116#theme.",
          "type": "string"
        },
        "targetClientId": {
          "description": "The target client id. Should only be used in the accounts of the data\npartners.",
          "type": "string"
        }
      },
      "id": "Attributes",
      "description": "Attributes of the product. For more information, see\nhttps://support.google.com/manufacturers/answer/6124116.",
      "type": "object"
    },
    "DestinationStatus": {
      "properties": {
        "destination": {
          "description": "The name of the destination.",
          "type": "string"
        },
        "status": {
          "enum": [
            "UNKNOWN",
            "ACTIVE",
            "PENDING",
            "DISAPPROVED"
          ],
          "description": "The status of the destination.",
          "type": "string",
          "enumDescriptions": [
            "Unspecified status, never used.",
            "The product is used for this destination.",
            "The decision is still pending.",
            "The product is disapproved. Please look at the issues."
          ]
        }
      },
      "id": "DestinationStatus",
      "description": "The destination status.",
      "type": "object"
    },
    "Product": {
      "description": "Product data.",
      "type": "object",
      "properties": {
        "productId": {
          "description": "The ID of the product. For more information, see\nhttps://support.google.com/manufacturers/answer/6124116#id.",
          "type": "string"
        },
        "parent": {
          "description": "Parent ID in the format `accounts/{account_id}`.\n\n`account_id` - The ID of the Manufacturer Center account.",
          "type": "string"
        },
        "destinationStatuses": {
          "description": "The status of the destinations.",
          "type": "array",
          "items": {
            "$ref": "DestinationStatus"
          }
        },
        "contentLanguage": {
          "type": "string",
          "description": "The content language of the product as a two-letter ISO 639-1 language code\n(for example, en)."
        },
        "targetCountry": {
          "type": "string",
          "description": "The target country of the product as a CLDR territory code (for example,\nUS)."
        },
        "name": {
          "description": "Name in the format `{target_country}:{content_language}:{product_id}`.\n\n`target_country`   - The target country of the product as a CLDR territory\n                     code (for example, US).\n\n`content_language` - The content language of the product as a two-letter\n                     ISO 639-1 language code (for example, en).\n\n`product_id`     -   The ID of the product. For more information, see\n                     https://support.google.com/manufacturers/answer/6124116#id.",
          "type": "string"
        },
        "attributes": {
          "$ref": "Attributes",
          "description": "Attributes of the product uploaded to the Manufacturer Center. Manually\nedited attributes are taken into account."
        },
        "issues": {
          "description": "A server-generated list of issues associated with the product.",
          "type": "array",
          "items": {
            "$ref": "Issue"
          }
        }
      },
      "id": "Product"
    },
    "ListProductsResponse": {
      "type": "object",
      "properties": {
        "nextPageToken": {
          "description": "The token for the retrieval of the next page of product statuses.",
          "type": "string"
        },
        "products": {
          "description": "List of the products.",
          "type": "array",
          "items": {
            "$ref": "Product"
          }
        }
      },
      "id": "ListProductsResponse"
    },
    "ProductDetail": {
      "description": "A product detail of the product. For more information, see\nhttps://support.google.com/manufacturers/answer/6124116#productdetail.",
      "type": "object",
      "properties": {
        "attributeValue": {
          "description": "The value of the attribute.",
          "type": "string"
        },
        "sectionName": {
          "description": "A short section name that can be reused between multiple product details.",
          "type": "string"
        },
        "attributeName": {
          "description": "The name of the attribute.",
          "type": "string"
        }
      },
      "id": "ProductDetail"
    },
    "Issue": {
      "description": "Product issue.",
      "type": "object",
      "properties": {
        "description": {
          "description": "Longer description of the issue focused on how to resolve it.",
          "type": "string"
        },
        "resolution": {
          "type": "string",
          "enumDescriptions": [
            "Unspecified resolution, never used.",
            "The user who provided the data must act in order to resolve the issue\n(for example by correcting some data).",
            "The issue will be resolved automatically (for example image crawl or\nGoogle review). No action is required now. Resolution might lead to\nanother issue (for example if crawl fails)."
          ],
          "enum": [
            "RESOLUTION_UNSPECIFIED",
            "USER_ACTION",
            "PENDING_PROCESSING"
          ],
          "description": "What needs to happen to resolve the issue."
        },
        "severity": {
          "enumDescriptions": [
            "Unspecified severity, never used.",
            "Error severity. The issue prevents the usage of the whole item.",
            "Warning severity. The issue is either one that prevents the usage of the\nattribute that triggered it or one that will soon prevent the usage of\nthe whole item.",
            "Info severity. The issue is one that doesn't require immediate attention.\nIt is, for example, used to communicate which attributes are still\npending review."
          ],
          "enum": [
            "SEVERITY_UNSPECIFIED",
            "ERROR",
            "WARNING",
            "INFO"
          ],
          "description": "The severity of the issue.",
          "type": "string"
        },
        "type": {
          "type": "string",
          "description": "The server-generated type of the issue, for example,\n“INCORRECT_TEXT_FORMATTING”, “IMAGE_NOT_SERVEABLE”, etc."
        },
        "attribute": {
          "description": "If present, the attribute that triggered the issue. For more information\nabout attributes, see\nhttps://support.google.com/manufacturers/answer/6124116.",
          "type": "string"
        },
        "destination": {
          "description": "The destination this issue applies to.",
          "type": "string"
        },
        "title": {
          "description": "Short title describing the nature of the issue.",
          "type": "string"
        },
        "timestamp": {
          "description": "The timestamp when this issue appeared.",
          "format": "google-datetime",
          "type": "string"
        }
      },
      "id": "Issue"
    },
    "Image": {
      "description": "An image.",
      "type": "object",
      "properties": {
        "status": {
          "enumDescriptions": [
            "The image status is unspecified. Should not be used.",
            "The image was uploaded and is being processed.",
            "The image crawl is still pending.",
            "The image was processed and it meets the requirements.",
            "The image URL is protected by robots.txt file and cannot be crawled.",
            "The image URL is protected by X-Robots-Tag and cannot be crawled.",
            "There was an error while crawling the image.",
            "The image cannot be processed.",
            "The image cannot be decoded.",
            "The image is too big.",
            "The image was manually overridden and will not be crawled.",
            "The image crawl was postponed to avoid overloading the host.",
            "The image URL returned a \"404 Not Found\" error."
          ],
          "enum": [
            "STATUS_UNSPECIFIED",
            "PENDING_PROCESSING",
            "PENDING_CRAWL",
            "OK",
            "ROBOTED",
            "XROBOTED",
            "CRAWL_ERROR",
            "PROCESSING_ERROR",
            "DECODING_ERROR",
            "TOO_BIG",
            "CRAWL_SKIPPED",
            "HOSTLOADED",
            "HTTP_404"
          ],
          "description": "The status of the image.\n@OutputOnly",
          "type": "string"
        },
        "type": {
          "enumDescriptions": [
            "Type is unspecified. Should not be used.",
            "The image was crawled from a provided URL.",
            "The image was uploaded."
          ],
          "enum": [
            "TYPE_UNSPECIFIED",
            "CRAWLED",
            "UPLOADED"
          ],
          "description": "The type of the image, i.e., crawled or uploaded.\n@OutputOnly",
          "type": "string"
        },
        "imageUrl": {
          "description": "The URL of the image. For crawled images, this is the provided URL. For\nuploaded images, this is a serving URL from Google if the image has been\nprocessed successfully.",
          "type": "string"
        }
      },
      "id": "Image"
    },
    "Count": {
      "properties": {
        "value": {
          "description": "The numeric value of the number of products in a package.",
          "format": "int64",
          "type": "string"
        },
        "unit": {
          "description": "The unit in which these products are counted.",
          "type": "string"
        }
      },
      "id": "Count",
      "description": "The number of products in a single package. For more information, see\nhttps://support.google.com/manufacturers/answer/6124116#count.",
      "type": "object"
    },
    "Capacity": {
      "description": "The capacity of a product. For more information, see\nhttps://support.google.com/manufacturers/answer/6124116#capacity.",
      "type": "object",
      "properties": {
        "value": {
          "description": "The numeric value of the capacity.",
          "format": "int64",
          "type": "string"
        },
        "unit": {
          "description": "The unit of the capacity, i.e., MB, GB, or TB.",
          "type": "string"
        }
      },
      "id": "Capacity"
    }
  },
  "protocol": "rest",
  "icons": {
    "x32": "http://www.google.com/images/icons/product/search-32.gif",
    "x16": "http://www.google.com/images/icons/product/search-16.gif"
  },
  "canonicalName": "Manufacturer Center",
  "auth": {
    "oauth2": {
      "scopes": {
        "https://www.googleapis.com/auth/manufacturercenter": {
          "description": "Manage your product listings for Google Manufacturer Center"
        }
      }
    }
  },
  "rootUrl": "https://manufacturers.googleapis.com/",
  "ownerDomain": "google.com",
  "name": "manufacturers",
  "batchPath": "batch",
  "title": "Manufacturer Center API"
}
