{
  "discoveryVersion": "v1",
  "version_module": true,
  "schemas": {
    "SpeechRecognitionAlternative": {
      "description": "Alternative hypotheses (a.k.a. n-best list).",
      "type": "object",
      "properties": {
        "transcript": {
          "description": "Output only. Transcript text representing the words that the user spoke.",
          "type": "string"
        },
        "words": {
          "description": "Output only. A list of word-specific information for each recognized word.\nNote: When `enable_speaker_diarization` is true, you will see all the words\nfrom the beginning of the audio.",
          "type": "array",
          "items": {
            "$ref": "WordInfo"
          }
        },
        "confidence": {
          "description": "Output only. The confidence estimate between 0.0 and 1.0. A higher number\nindicates an estimated greater likelihood that the recognized words are\ncorrect. This field is set only for the top alternative of a non-streaming\nresult or, of a streaming result where `is_final=true`.\nThis field is not guaranteed to be accurate and users should not rely on it\nto be always provided.\nThe default of 0.0 is a sentinel value indicating `confidence` was not set.",
          "format": "float",
          "type": "number"
        }
      },
      "id": "SpeechRecognitionAlternative"
    },
    "RecognitionMetadata": {
      "description": "Description of audio data to be recognized.",
      "type": "object",
      "properties": {
        "interactionType": {
          "description": "The use case most closely describing the audio content to be recognized.",
          "type": "string",
          "enumDescriptions": [
            "Use case is either unknown or is something other than one of the other\nvalues below.",
            "Multiple people in a conversation or discussion. For example in a\nmeeting with two or more people actively participating. Typically\nall the primary people speaking would be in the same room (if not,\nsee PHONE_CALL)",
            "One or more persons lecturing or presenting to others, mostly\nuninterrupted.",
            "A phone-call or video-conference in which two or more people, who are\nnot in the same room, are actively participating.",
            "A recorded message intended for another person to listen to.",
            "Professionally produced audio (eg. TV Show, Podcast).",
            "Transcribe spoken questions and queries into text.",
            "Transcribe voice commands, such as for controlling a device.",
            "Transcribe speech to text to create a written document, such as a\ntext-message, email or report."
          ],
          "enum": [
            "INTERACTION_TYPE_UNSPECIFIED",
            "DISCUSSION",
            "PRESENTATION",
            "PHONE_CALL",
            "VOICEMAIL",
            "PROFESSIONALLY_PRODUCED",
            "VOICE_SEARCH",
            "VOICE_COMMAND",
            "DICTATION"
          ]
        },
        "audioTopic": {
          "description": "Description of the content. Eg. \"Recordings of federal supreme court\nhearings from 2012\".",
          "type": "string"
        },
        "originalMimeType": {
          "description": "Mime type of the original audio file.  For example `audio/m4a`,\n`audio/x-alaw-basic`, `audio/mp3`, `audio/3gpp`.\nA list of possible audio mime types is maintained at\nhttp://www.iana.org/assignments/media-types/media-types.xhtml#audio",
          "type": "string"
        },
        "recordingDeviceName": {
          "description": "The device used to make the recording.  Examples 'Nexus 5X' or\n'Polycom SoundStation IP 6000' or 'POTS' or 'VoIP' or\n'Cardioid Microphone'.",
          "type": "string"
        },
        "industryNaicsCodeOfAudio": {
          "description": "The industry vertical to which this speech recognition request most\nclosely applies. This is most indicative of the topics contained\nin the audio.  Use the 6-digit NAICS code to identify the industry\nvertical - see https://www.naics.com/search/.",
          "format": "uint32",
          "type": "integer"
        },
        "microphoneDistance": {
          "enumDescriptions": [
            "Audio type is not known.",
            "The audio was captured from a closely placed microphone. Eg. phone,\ndictaphone, or handheld microphone. Generally if there speaker is within\n1 meter of the microphone.",
            "The speaker if within 3 meters of the microphone.",
            "The speaker is more than 3 meters away from the microphone."
          ],
          "enum": [
            "MICROPHONE_DISTANCE_UNSPECIFIED",
            "NEARFIELD",
            "MIDFIELD",
            "FARFIELD"
          ],
          "description": "The audio type that most closely describes the audio being recognized.",
          "type": "string"
        },
        "originalMediaType": {
          "description": "The original media the speech was recorded on.",
          "type": "string",
          "enumDescriptions": [
            "Unknown original media type.",
            "The speech data is an audio recording.",
            "The speech data originally recorded on a video."
          ],
          "enum": [
            "ORIGINAL_MEDIA_TYPE_UNSPECIFIED",
            "AUDIO",
            "VIDEO"
          ]
        },
        "recordingDeviceType": {
          "enumDescriptions": [
            "The recording device is unknown.",
            "Speech was recorded on a smartphone.",
            "Speech was recorded using a personal computer or tablet.",
            "Speech was recorded over a phone line.",
            "Speech was recorded in a vehicle.",
            "Speech was recorded outdoors.",
            "Speech was recorded indoors."
          ],
          "enum": [
            "RECORDING_DEVICE_TYPE_UNSPECIFIED",
            "SMARTPHONE",
            "PC",
            "PHONE_LINE",
            "VEHICLE",
            "OTHER_OUTDOOR_DEVICE",
            "OTHER_INDOOR_DEVICE"
          ],
          "description": "The type of device the speech was recorded with.",
          "type": "string"
        },
        "obfuscatedId": {
          "description": "Obfuscated (privacy-protected) ID of the user, to identify number of\nunique users using the service.",
          "format": "int64",
          "type": "string"
        }
      },
      "id": "RecognitionMetadata"
    },
    "ListOperationsResponse": {
      "type": "object",
      "properties": {
        "operations": {
          "description": "A list of operations that matches the specified filter in the request.",
          "type": "array",
          "items": {
            "$ref": "Operation"
          }
        },
        "nextPageToken": {
          "description": "The standard List next-page token.",
          "type": "string"
        }
      },
      "id": "ListOperationsResponse",
      "description": "The response message for Operations.ListOperations."
    },
    "SpeechContext": {
      "id": "SpeechContext",
      "description": "Provides \"hints\" to the speech recognizer to favor specific words and phrases\nin the results.",
      "type": "object",
      "properties": {
        "phrases": {
          "description": "*Optional* A list of strings containing words and phrases \"hints\" so that\nthe speech recognition is more likely to recognize them. This can be used\nto improve the accuracy for specific words and phrases, for example, if\nspecific commands are typically spoken by the user. This can also be used\nto add additional words to the vocabulary of the recognizer. See\n[usage limits](/speech-to-text/quotas#content).\n\nList items can also be set to classes for groups of words that represent\ncommon concepts that occur in natural language. For example, rather than\nproviding phrase hints for every month of the year, using the $MONTH class\nimproves the likelihood of correctly transcribing audio that includes\nmonths.",
          "type": "array",
          "items": {
            "type": "string"
          }
        }
      }
    },
    "SpeechRecognitionResult": {
      "type": "object",
      "properties": {
        "alternatives": {
          "description": "Output only. May contain one or more recognition hypotheses (up to the\nmaximum specified in `max_alternatives`).\nThese alternatives are ordered in terms of accuracy, with the top (first)\nalternative being the most probable, as ranked by the recognizer.",
          "type": "array",
          "items": {
            "$ref": "SpeechRecognitionAlternative"
          }
        },
        "channelTag": {
          "description": "For multi-channel audio, this is the channel number corresponding to the\nrecognized result for the audio from that channel.\nFor audio_channel_count = N, its output values can range from '1' to 'N'.",
          "format": "int32",
          "type": "integer"
        }
      },
      "id": "SpeechRecognitionResult",
      "description": "A speech recognition result corresponding to a portion of the audio."
    },
    "LongRunningRecognizeMetadata": {
      "id": "LongRunningRecognizeMetadata",
      "description": "Describes the progress of a long-running `LongRunningRecognize` call. It is\nincluded in the `metadata` field of the `Operation` returned by the\n`GetOperation` call of the `google::longrunning::Operations` service.",
      "type": "object",
      "properties": {
        "lastUpdateTime": {
          "description": "Time of the most recent processing update.",
          "format": "google-datetime",
          "type": "string"
        },
        "progressPercent": {
          "type": "integer",
          "description": "Approximate percentage of audio processed thus far. Guaranteed to be 100\nwhen the audio is fully processed and the results are available.",
          "format": "int32"
        },
        "startTime": {
          "description": "Time when the request was received.",
          "format": "google-datetime",
          "type": "string"
        }
      }
    },
    "RecognitionAudio": {
      "id": "RecognitionAudio",
      "description": "Contains audio data in the encoding specified in the `RecognitionConfig`.\nEither `content` or `uri` must be supplied. Supplying both or neither\nreturns google.rpc.Code.INVALID_ARGUMENT. See\n[content limits](/speech-to-text/quotas#content).",
      "type": "object",
      "properties": {
        "content": {
          "type": "string",
          "description": "The audio data bytes encoded as specified in\n`RecognitionConfig`. Note: as with all bytes fields, proto buffers use a\npure binary representation, whereas JSON representations use base64.",
          "format": "byte"
        },
        "uri": {
          "description": "URI that points to a file that contains audio data bytes as specified in\n`RecognitionConfig`. The file must not be compressed (for example, gzip).\nCurrently, only Google Cloud Storage URIs are\nsupported, which must be specified in the following format:\n`gs://bucket_name/object_name` (other URI formats return\ngoogle.rpc.Code.INVALID_ARGUMENT). For more information, see\n[Request URIs](https://cloud.google.com/storage/docs/reference-uris).",
          "type": "string"
        }
      }
    },
    "LongRunningRecognizeRequest": {
      "description": "The top-level message sent by the client for the `LongRunningRecognize`\nmethod.",
      "type": "object",
      "properties": {
        "config": {
          "$ref": "RecognitionConfig",
          "description": "*Required* Provides information to the recognizer that specifies how to\nprocess the request."
        },
        "audio": {
          "description": "*Required* The audio data to be recognized.",
          "$ref": "RecognitionAudio"
        }
      },
      "id": "LongRunningRecognizeRequest"
    },
    "RecognizeResponse": {
      "description": "The only message returned to the client by the `Recognize` method. It\ncontains the result as zero or more sequential `SpeechRecognitionResult`\nmessages.",
      "type": "object",
      "properties": {
        "results": {
          "type": "array",
          "items": {
            "$ref": "SpeechRecognitionResult"
          },
          "description": "Output only. Sequential list of transcription results corresponding to\nsequential portions of audio."
        }
      },
      "id": "RecognizeResponse"
    },
    "Operation": {
      "type": "object",
      "properties": {
        "done": {
          "description": "If the value is `false`, it means the operation is still in progress.\nIf `true`, the operation is completed, and either `error` or `response` is\navailable.",
          "type": "boolean"
        },
        "response": {
          "type": "object",
          "additionalProperties": {
            "description": "Properties of the object. Contains field @type with type URL.",
            "type": "any"
          },
          "description": "The normal response of the operation in case of success.  If the original\nmethod returns no data on success, such as `Delete`, the response is\n`google.protobuf.Empty`.  If the original method is standard\n`Get`/`Create`/`Update`, the response should be the resource.  For other\nmethods, the response should have the type `XxxResponse`, where `Xxx`\nis the original method name.  For example, if the original method name\nis `TakeSnapshot()`, the inferred response type is\n`TakeSnapshotResponse`."
        },
        "name": {
          "type": "string",
          "description": "The server-assigned name, which is only unique within the same service that\noriginally returns it. If you use the default HTTP mapping, the\n`name` should be a resource name ending with `operations/{unique_id}`."
        },
        "error": {
          "$ref": "Status",
          "description": "The error result of the operation in case of failure or cancellation."
        },
        "metadata": {
          "type": "object",
          "additionalProperties": {
            "description": "Properties of the object. Contains field @type with type URL.",
            "type": "any"
          },
          "description": "Service-specific metadata associated with the operation.  It typically\ncontains progress information and common metadata such as create time.\nSome services might not provide such metadata.  Any method that returns a\nlong-running operation should document the metadata type, if any."
        }
      },
      "id": "Operation",
      "description": "This resource represents a long-running operation that is the result of a\nnetwork API call."
    },
    "RecognitionConfig": {
      "description": "Provides information to the recognizer that specifies how to process the\nrequest.",
      "type": "object",
      "properties": {
        "enableAutomaticPunctuation": {
          "type": "boolean",
          "description": "*Optional* If 'true', adds punctuation to recognition result hypotheses.\nThis feature is only available in select languages. Setting this for\nrequests in other languages has no effect at all.\nThe default 'false' value does not add punctuation to result hypotheses.\nNote: This is currently offered as an experimental service, complimentary\nto all users. In the future this may be exclusively available as a\npremium feature."
        },
        "maxAlternatives": {
          "description": "*Optional* Maximum number of recognition hypotheses to be returned.\nSpecifically, the maximum number of `SpeechRecognitionAlternative` messages\nwithin each `SpeechRecognitionResult`.\nThe server may return fewer than `max_alternatives`.\nValid values are `0`-`30`. A value of `0` or `1` will return a maximum of\none. If omitted, will return a maximum of one.",
          "format": "int32",
          "type": "integer"
        },
        "speechContexts": {
          "description": "*Optional* array of SpeechContext.\nA means to provide context to assist the speech recognition. For more\ninformation, see [Phrase Hints](/speech-to-text/docs/basics#phrase-hints).",
          "type": "array",
          "items": {
            "$ref": "SpeechContext"
          }
        },
        "encoding": {
          "type": "string",
          "enumDescriptions": [
            "Not specified.",
            "Uncompressed 16-bit signed little-endian samples (Linear PCM).",
            "`FLAC` (Free Lossless Audio\nCodec) is the recommended encoding because it is\nlossless--therefore recognition is not compromised--and\nrequires only about half the bandwidth of `LINEAR16`. `FLAC` stream\nencoding supports 16-bit and 24-bit samples, however, not all fields in\n`STREAMINFO` are supported.",
            "8-bit samples that compand 14-bit audio samples using G.711 PCMU/mu-law.",
            "Adaptive Multi-Rate Narrowband codec. `sample_rate_hertz` must be 8000.",
            "Adaptive Multi-Rate Wideband codec. `sample_rate_hertz` must be 16000.",
            "Opus encoded audio frames in Ogg container\n([OggOpus](https://wiki.xiph.org/OggOpus)).\n`sample_rate_hertz` must be one of 8000, 12000, 16000, 24000, or 48000.",
            "Although the use of lossy encodings is not recommended, if a very low\nbitrate encoding is required, `OGG_OPUS` is highly preferred over\nSpeex encoding. The [Speex](https://speex.org/)  encoding supported by\nCloud Speech API has a header byte in each block, as in MIME type\n`audio/x-speex-with-header-byte`.\nIt is a variant of the RTP Speex encoding defined in\n[RFC 5574](https://tools.ietf.org/html/rfc5574).\nThe stream is a sequence of blocks, one block per RTP packet. Each block\nstarts with a byte containing the length of the block, in bytes, followed\nby one or more frames of Speex data, padded to an integral number of\nbytes (octets) as specified in RFC 5574. In other words, each RTP header\nis replaced with a single byte containing the block length. Only Speex\nwideband is supported. `sample_rate_hertz` must be 16000."
          ],
          "enum": [
            "ENCODING_UNSPECIFIED",
            "LINEAR16",
            "FLAC",
            "MULAW",
            "AMR",
            "AMR_WB",
            "OGG_OPUS",
            "SPEEX_WITH_HEADER_BYTE"
          ],
          "description": "Encoding of audio data sent in all `RecognitionAudio` messages.\nThis field is optional for `FLAC` and `WAV` audio files and required\nfor all other audio formats. For details, see AudioEncoding."
        },
        "model": {
          "description": "*Optional* Which model to select for the given request. Select the model\nbest suited to your domain to get best results. If a model is not\nexplicitly specified, then we auto-select a model based on the parameters\nin the RecognitionConfig.\n\u003ctable\u003e\n  \u003ctr\u003e\n    \u003ctd\u003e\u003cb\u003eModel\u003c/b\u003e\u003c/td\u003e\n    \u003ctd\u003e\u003cb\u003eDescription\u003c/b\u003e\u003c/td\u003e\n  \u003c/tr\u003e\n  \u003ctr\u003e\n    \u003ctd\u003e\u003ccode\u003ecommand_and_search\u003c/code\u003e\u003c/td\u003e\n    \u003ctd\u003eBest for short queries such as voice commands or voice search.\u003c/td\u003e\n  \u003c/tr\u003e\n  \u003ctr\u003e\n    \u003ctd\u003e\u003ccode\u003ephone_call\u003c/code\u003e\u003c/td\u003e\n    \u003ctd\u003eBest for audio that originated from a phone call (typically\n    recorded at an 8khz sampling rate).\u003c/td\u003e\n  \u003c/tr\u003e\n  \u003ctr\u003e\n    \u003ctd\u003e\u003ccode\u003evideo\u003c/code\u003e\u003c/td\u003e\n    \u003ctd\u003eBest for audio that originated from from video or includes multiple\n        speakers. Ideally the audio is recorded at a 16khz or greater\n        sampling rate. This is a premium model that costs more than the\n        standard rate.\u003c/td\u003e\n  \u003c/tr\u003e\n  \u003ctr\u003e\n    \u003ctd\u003e\u003ccode\u003edefault\u003c/code\u003e\u003c/td\u003e\n    \u003ctd\u003eBest for audio that is not one of the specific audio models.\n        For example, long-form audio. Ideally the audio is high-fidelity,\n        recorded at a 16khz or greater sampling rate.\u003c/td\u003e\n  \u003c/tr\u003e\n\u003c/table\u003e",
          "type": "string"
        },
        "audioChannelCount": {
          "description": "*Optional* The number of channels in the input audio data.\nONLY set this for MULTI-CHANNEL recognition.\nValid values for LINEAR16 and FLAC are `1`-`8`.\nValid values for OGG_OPUS are '1'-'254'.\nValid value for MULAW, AMR, AMR_WB and SPEEX_WITH_HEADER_BYTE is only `1`.\nIf `0` or omitted, defaults to one channel (mono).\nNote: We only recognize the first channel by default.\nTo perform independent recognition on each channel set\n`enable_separate_recognition_per_channel` to 'true'.",
          "format": "int32",
          "type": "integer"
        },
        "enableWordTimeOffsets": {
          "description": "*Optional* If `true`, the top result includes a list of words and\nthe start and end time offsets (timestamps) for those words. If\n`false`, no word-level time offset information is returned. The default is\n`false`.",
          "type": "boolean"
        },
        "languageCode": {
          "type": "string",
          "description": "*Required* The language of the supplied audio as a\n[BCP-47](https://www.rfc-editor.org/rfc/bcp/bcp47.txt) language tag.\nExample: \"en-US\".\nSee [Language Support](/speech-to-text/docs/languages)\nfor a list of the currently supported language codes."
        },
        "profanityFilter": {
          "description": "*Optional* If set to `true`, the server will attempt to filter out\nprofanities, replacing all but the initial character in each filtered word\nwith asterisks, e.g. \"f***\". If set to `false` or omitted, profanities\nwon't be filtered out.",
          "type": "boolean"
        },
        "useEnhanced": {
          "type": "boolean",
          "description": "*Optional* Set to true to use an enhanced model for speech recognition.\nIf `use_enhanced` is set to true and the `model` field is not set, then\nan appropriate enhanced model is chosen if an enhanced model exists for\nthe audio.\n\nIf `use_enhanced` is true and an enhanced version of the specified model\ndoes not exist, then the speech is recognized using the standard version\nof the specified model."
        },
        "metadata": {
          "description": "*Optional* Metadata regarding this request.",
          "$ref": "RecognitionMetadata"
        },
        "sampleRateHertz": {
          "description": "Sample rate in Hertz of the audio data sent in all\n`RecognitionAudio` messages. Valid values are: 8000-48000.\n16000 is optimal. For best results, set the sampling rate of the audio\nsource to 16000 Hz. If that's not possible, use the native sample rate of\nthe audio source (instead of re-sampling).\nThis field is optional for FLAC and WAV audio files, but is\nrequired for all other audio formats. For details, see AudioEncoding.",
          "format": "int32",
          "type": "integer"
        },
        "enableSeparateRecognitionPerChannel": {
          "description": "This needs to be set to `true` explicitly and `audio_channel_count` \u003e 1\nto get each channel recognized separately. The recognition result will\ncontain a `channel_tag` field to state which channel that result belongs\nto. If this is not true, we will only recognize the first channel. The\nrequest is billed cumulatively for all channels recognized:\n`audio_channel_count` multiplied by the length of the audio.",
          "type": "boolean"
        }
      },
      "id": "RecognitionConfig"
    },
    "WordInfo": {
      "description": "Word-specific information for recognized words.",
      "type": "object",
      "properties": {
        "endTime": {
          "description": "Output only. Time offset relative to the beginning of the audio,\nand corresponding to the end of the spoken word.\nThis field is only set if `enable_word_time_offsets=true` and only\nin the top hypothesis.\nThis is an experimental feature and the accuracy of the time offset can\nvary.",
          "format": "google-duration",
          "type": "string"
        },
        "startTime": {
          "description": "Output only. Time offset relative to the beginning of the audio,\nand corresponding to the start of the spoken word.\nThis field is only set if `enable_word_time_offsets=true` and only\nin the top hypothesis.\nThis is an experimental feature and the accuracy of the time offset can\nvary.",
          "format": "google-duration",
          "type": "string"
        },
        "word": {
          "description": "Output only. The word corresponding to this set of information.",
          "type": "string"
        }
      },
      "id": "WordInfo"
    },
    "Status": {
      "description": "The `Status` type defines a logical error model that is suitable for\ndifferent programming environments, including REST APIs and RPC APIs. It is\nused by [gRPC](https://github.com/grpc). Each `Status` message contains\nthree pieces of data: error code, error message, and error details.\n\nYou can find out more about this error model and how to work with it in the\n[API Design Guide](https://cloud.google.com/apis/design/errors).",
      "type": "object",
      "properties": {
        "details": {
          "type": "array",
          "items": {
            "type": "object",
            "additionalProperties": {
              "description": "Properties of the object. Contains field @type with type URL.",
              "type": "any"
            }
          },
          "description": "A list of messages that carry the error details.  There is a common set of\nmessage types for APIs to use."
        },
        "code": {
          "description": "The status code, which should be an enum value of google.rpc.Code.",
          "format": "int32",
          "type": "integer"
        },
        "message": {
          "description": "A developer-facing error message, which should be in English. Any\nuser-facing error message should be localized and sent in the\ngoogle.rpc.Status.details field, or localized by the client.",
          "type": "string"
        }
      },
      "id": "Status"
    },
    "LongRunningRecognizeResponse": {
      "type": "object",
      "properties": {
        "results": {
          "description": "Output only. Sequential list of transcription results corresponding to\nsequential portions of audio.",
          "type": "array",
          "items": {
            "$ref": "SpeechRecognitionResult"
          }
        }
      },
      "id": "LongRunningRecognizeResponse",
      "description": "The only message returned to the client by the `LongRunningRecognize` method.\nIt contains the result as zero or more sequential `SpeechRecognitionResult`\nmessages. It is included in the `result.response` field of the `Operation`\nreturned by the `GetOperation` call of the `google::longrunning::Operations`\nservice."
    },
    "RecognizeRequest": {
      "description": "The top-level message sent by the client for the `Recognize` method.",
      "type": "object",
      "properties": {
        "config": {
          "$ref": "RecognitionConfig",
          "description": "*Required* Provides information to the recognizer that specifies how to\nprocess the request."
        },
        "audio": {
          "description": "*Required* The audio data to be recognized.",
          "$ref": "RecognitionAudio"
        }
      },
      "id": "RecognizeRequest"
    }
  },
  "protocol": "rest",
  "icons": {
    "x32": "http://www.google.com/images/icons/product/search-32.gif",
    "x16": "http://www.google.com/images/icons/product/search-16.gif"
  },
  "canonicalName": "Speech",
  "auth": {
    "oauth2": {
      "scopes": {
        "https://www.googleapis.com/auth/cloud-platform": {
          "description": "View and manage your data across Google Cloud Platform services"
        }
      }
    }
  },
  "rootUrl": "https://speech.googleapis.com/",
  "ownerDomain": "google.com",
  "name": "speech",
  "batchPath": "batch",
  "fullyEncodeReservedExpansion": true,
  "title": "Cloud Speech-to-Text API",
  "ownerName": "Google",
  "resources": {
    "operations": {
      "methods": {
        "list": {
          "flatPath": "v1/operations",
          "path": "v1/operations",
          "id": "speech.operations.list",
          "description": "Lists operations that match the specified filter in the request. If the\nserver doesn't support this method, it returns `UNIMPLEMENTED`.\n\nNOTE: the `name` binding allows API services to override the binding\nto use different resource name schemes, such as `users/*/operations`. To\noverride the binding, API services can add a binding such as\n`\"/v1/{name=users/*}/operations\"` to their service configuration.\nFor backwards compatibility, the default name includes the operations\ncollection id, however overriding users must ensure the name binding\nis the parent resource, without the operations collection id.",
          "response": {
            "$ref": "ListOperationsResponse"
          },
          "parameterOrder": [],
          "httpMethod": "GET",
          "scopes": [
            "https://www.googleapis.com/auth/cloud-platform"
          ],
          "parameters": {
            "name": {
              "description": "The name of the operation's parent resource.",
              "type": "string",
              "location": "query"
            },
            "pageToken": {
              "description": "The standard list page token.",
              "type": "string",
              "location": "query"
            },
            "pageSize": {
              "location": "query",
              "description": "The standard list page size.",
              "format": "int32",
              "type": "integer"
            },
            "filter": {
              "location": "query",
              "description": "The standard list filter.",
              "type": "string"
            }
          }
        },
        "get": {
          "response": {
            "$ref": "Operation"
          },
          "parameterOrder": [
            "name"
          ],
          "httpMethod": "GET",
          "parameters": {
            "name": {
              "description": "The name of the operation resource.",
              "required": true,
              "type": "string",
              "pattern": "^.+$",
              "location": "path"
            }
          },
          "scopes": [
            "https://www.googleapis.com/auth/cloud-platform"
          ],
          "flatPath": "v1/operations/{operationsId}",
          "path": "v1/operations/{+name}",
          "id": "speech.operations.get",
          "description": "Gets the latest state of a long-running operation.  Clients can use this\nmethod to poll the operation result at intervals as recommended by the API\nservice."
        }
      }
    },
    "speech": {
      "methods": {
        "longrunningrecognize": {
          "httpMethod": "POST",
          "parameterOrder": [],
          "response": {
            "$ref": "Operation"
          },
          "scopes": [
            "https://www.googleapis.com/auth/cloud-platform"
          ],
          "parameters": {},
          "flatPath": "v1/speech:longrunningrecognize",
          "id": "speech.speech.longrunningrecognize",
          "path": "v1/speech:longrunningrecognize",
          "request": {
            "$ref": "LongRunningRecognizeRequest"
          },
          "description": "Performs asynchronous speech recognition: receive results via the\ngoogle.longrunning.Operations interface. Returns either an\n`Operation.error` or an `Operation.response` which contains\na `LongRunningRecognizeResponse` message.\nFor more information on asynchronous speech recognition, see the\n[how-to](https://cloud.google.com/speech-to-text/docs/async-recognize)."
        },
        "recognize": {
          "response": {
            "$ref": "RecognizeResponse"
          },
          "parameterOrder": [],
          "httpMethod": "POST",
          "scopes": [
            "https://www.googleapis.com/auth/cloud-platform"
          ],
          "parameters": {},
          "flatPath": "v1/speech:recognize",
          "path": "v1/speech:recognize",
          "id": "speech.speech.recognize",
          "request": {
            "$ref": "RecognizeRequest"
          },
          "description": "Performs synchronous speech recognition: receive results after all audio\nhas been sent and processed."
        }
      }
    },
    "projects": {
      "resources": {
        "locations": {
          "resources": {
            "operations": {
              "methods": {
                "list": {
                  "parameters": {
                    "filter": {
                      "description": "The standard list filter.",
                      "type": "string",
                      "location": "query"
                    },
                    "name": {
                      "required": true,
                      "type": "string",
                      "pattern": "^projects/[^/]+/locations/[^/]+$",
                      "location": "path",
                      "description": "The name of the operation's parent resource."
                    },
                    "pageToken": {
                      "type": "string",
                      "location": "query",
                      "description": "The standard list page token."
                    },
                    "pageSize": {
                      "type": "integer",
                      "location": "query",
                      "description": "The standard list page size.",
                      "format": "int32"
                    }
                  },
                  "scopes": [
                    "https://www.googleapis.com/auth/cloud-platform"
                  ],
                  "flatPath": "v1/projects/{projectsId}/locations/{locationsId}/operations",
                  "path": "v1/{+name}/operations",
                  "id": "speech.projects.locations.operations.list",
                  "description": "Lists operations that match the specified filter in the request. If the\nserver doesn't support this method, it returns `UNIMPLEMENTED`.\n\nNOTE: the `name` binding allows API services to override the binding\nto use different resource name schemes, such as `users/*/operations`. To\noverride the binding, API services can add a binding such as\n`\"/v1/{name=users/*}/operations\"` to their service configuration.\nFor backwards compatibility, the default name includes the operations\ncollection id, however overriding users must ensure the name binding\nis the parent resource, without the operations collection id.",
                  "response": {
                    "$ref": "ListOperationsResponse"
                  },
                  "parameterOrder": [
                    "name"
                  ],
                  "httpMethod": "GET"
                },
                "get": {
                  "httpMethod": "GET",
                  "parameterOrder": [
                    "name"
                  ],
                  "response": {
                    "$ref": "Operation"
                  },
                  "scopes": [
                    "https://www.googleapis.com/auth/cloud-platform"
                  ],
                  "parameters": {
                    "name": {
                      "description": "The name of the operation resource.",
                      "required": true,
                      "type": "string",
                      "pattern": "^projects/[^/]+/locations/[^/]+/operations/[^/]+$",
                      "location": "path"
                    }
                  },
                  "flatPath": "v1/projects/{projectsId}/locations/{locationsId}/operations/{operationsId}",
                  "id": "speech.projects.locations.operations.get",
                  "path": "v1/{+name}",
                  "description": "Gets the latest state of a long-running operation.  Clients can use this\nmethod to poll the operation result at intervals as recommended by the API\nservice."
                }
              }
            }
          }
        }
      }
    }
  },
  "parameters": {
    "upload_protocol": {
      "description": "Upload protocol for media (e.g. \"raw\", \"multipart\").",
      "type": "string",
      "location": "query"
    },
    "prettyPrint": {
      "description": "Returns response with indentations and line breaks.",
      "type": "boolean",
      "default": "true",
      "location": "query"
    },
    "quotaUser": {
      "type": "string",
      "location": "query",
      "description": "Available to use for quota purposes for server-side applications. Can be any arbitrary string assigned to a user, but should not exceed 40 characters."
    },
    "fields": {
      "location": "query",
      "description": "Selector specifying which fields to include in a partial response.",
      "type": "string"
    },
    "uploadType": {
      "type": "string",
      "location": "query",
      "description": "Legacy upload protocol for media (e.g. \"media\", \"multipart\")."
    },
    "callback": {
      "description": "JSONP",
      "type": "string",
      "location": "query"
    },
    "oauth_token": {
      "location": "query",
      "description": "OAuth 2.0 token for the current user.",
      "type": "string"
    },
    "$.xgafv": {
      "type": "string",
      "enumDescriptions": [
        "v1 error format",
        "v2 error format"
      ],
      "location": "query",
      "enum": [
        "1",
        "2"
      ],
      "description": "V1 error format."
    },
    "alt": {
      "enum": [
        "json",
        "media",
        "proto"
      ],
      "type": "string",
      "enumDescriptions": [
        "Responses with Content-Type of application/json",
        "Media download with context-dependent Content-Type",
        "Responses with Content-Type of application/x-protobuf"
      ],
      "location": "query",
      "description": "Data format for response.",
      "default": "json"
    },
    "access_token": {
      "location": "query",
      "description": "OAuth access token.",
      "type": "string"
    },
    "key": {
      "description": "API key. Your API key identifies your project and provides you with API access, quota, and reports. Required unless you provide an OAuth 2.0 token.",
      "type": "string",
      "location": "query"
    }
  },
  "version": "v1",
  "baseUrl": "https://speech.googleapis.com/",
  "description": "Converts audio to text by applying powerful neural network models.",
  "kind": "discovery#restDescription",
  "servicePath": "",
  "basePath": "",
  "id": "speech:v1",
  "documentationLink": "https://cloud.google.com/speech-to-text/docs/quickstart-protocol",
  "revision": "20190704"
}
