{
  "ownerName": "Google",
  "resources": {
    "projects": {
      "methods": {
        "translateText": {
          "id": "translate.projects.translateText",
          "path": "v3beta1/{+parent}:translateText",
          "request": {
            "$ref": "TranslateTextRequest"
          },
          "description": "Translates input text and returns translated text.",
          "httpMethod": "POST",
          "parameterOrder": [
            "parent"
          ],
          "response": {
            "$ref": "TranslateTextResponse"
          },
          "scopes": [
            "https://www.googleapis.com/auth/cloud-platform",
            "https://www.googleapis.com/auth/cloud-translation"
          ],
          "parameters": {
            "parent": {
              "pattern": "^projects/[^/]+$",
              "location": "path",
              "description": "Required. Target project or location to make a call.\n\nFormat: `projects/{project-id}` or\n`projects/{project-id}/locations/{location-id}`.\n\nFor global calls, use `projects/{project-id}/locations/global` or\n`projects/{project-id}`.\n\nNon-global location is required for requests using AutoML models or\ncustom glossaries.\n\nModels and glossaries must be within the same region (have same\nlocation-id), otherwise an INVALID_ARGUMENT (400) error is returned.",
              "required": true,
              "type": "string"
            }
          },
          "flatPath": "v3beta1/projects/{projectsId}:translateText"
        },
        "getSupportedLanguages": {
          "description": "Returns a list of supported languages for translation.",
          "response": {
            "$ref": "SupportedLanguages"
          },
          "parameterOrder": [
            "parent"
          ],
          "httpMethod": "GET",
          "parameters": {
            "model": {
              "location": "query",
              "description": "Optional. Get supported languages of this model.\n\nThe format depends on model type:\n\n- AutoML Translation models:\n  `projects/{project-id}/locations/{location-id}/models/{model-id}`\n\n- General (built-in) models:\n  `projects/{project-id}/locations/{location-id}/models/general/nmt`,\n  `projects/{project-id}/locations/{location-id}/models/general/base`\n\n\nReturns languages supported by the specified model.\nIf missing, we get supported languages of Google general base (PBMT) model.",
              "type": "string"
            },
            "parent": {
              "required": true,
              "type": "string",
              "pattern": "^projects/[^/]+$",
              "location": "path",
              "description": "Required. Target project or location to make a call.\n\nFormat: `projects/{project-id}` or\n`projects/{project-id}/locations/{location-id}`.\n\nFor global calls, use `projects/{project-id}/locations/global` or\n`projects/{project-id}`.\n\nNon-global location is required for AutoML models.\n\nOnly models within the same region (have same location-id) can be used,\notherwise an INVALID_ARGUMENT (400) error is returned."
            },
            "displayLanguageCode": {
              "description": "Optional. The language to use to return localized, human readable names\nof supported languages. If missing, then display names are not returned\nin a response.",
              "type": "string",
              "location": "query"
            }
          },
          "scopes": [
            "https://www.googleapis.com/auth/cloud-platform",
            "https://www.googleapis.com/auth/cloud-translation"
          ],
          "flatPath": "v3beta1/projects/{projectsId}/supportedLanguages",
          "path": "v3beta1/{+parent}/supportedLanguages",
          "id": "translate.projects.getSupportedLanguages"
        },
        "detectLanguage": {
          "request": {
            "$ref": "DetectLanguageRequest"
          },
          "description": "Detects the language of text within a request.",
          "response": {
            "$ref": "DetectLanguageResponse"
          },
          "parameterOrder": [
            "parent"
          ],
          "httpMethod": "POST",
          "scopes": [
            "https://www.googleapis.com/auth/cloud-platform",
            "https://www.googleapis.com/auth/cloud-translation"
          ],
          "parameters": {
            "parent": {
              "description": "Required. Target project or location to make a call.\n\nFormat: `projects/{project-id}/locations/{location-id}` or\n`projects/{project-id}`.\n\nFor global calls, use `projects/{project-id}/locations/global` or\n`projects/{project-id}`.\n\nOnly models within the same region (has same location-id) can be used.\nOtherwise an INVALID_ARGUMENT (400) error is returned.",
              "required": true,
              "type": "string",
              "pattern": "^projects/[^/]+$",
              "location": "path"
            }
          },
          "flatPath": "v3beta1/projects/{projectsId}:detectLanguage",
          "path": "v3beta1/{+parent}:detectLanguage",
          "id": "translate.projects.detectLanguage"
        }
      },
      "resources": {
        "locations": {
          "methods": {
            "translateText": {
              "response": {
                "$ref": "TranslateTextResponse"
              },
              "parameterOrder": [
                "parent"
              ],
              "httpMethod": "POST",
              "scopes": [
                "https://www.googleapis.com/auth/cloud-platform",
                "https://www.googleapis.com/auth/cloud-translation"
              ],
              "parameters": {
                "parent": {
                  "pattern": "^projects/[^/]+/locations/[^/]+$",
                  "location": "path",
                  "description": "Required. Target project or location to make a call.\n\nFormat: `projects/{project-id}` or\n`projects/{project-id}/locations/{location-id}`.\n\nFor global calls, use `projects/{project-id}/locations/global` or\n`projects/{project-id}`.\n\nNon-global location is required for requests using AutoML models or\ncustom glossaries.\n\nModels and glossaries must be within the same region (have same\nlocation-id), otherwise an INVALID_ARGUMENT (400) error is returned.",
                  "required": true,
                  "type": "string"
                }
              },
              "flatPath": "v3beta1/projects/{projectsId}/locations/{locationsId}:translateText",
              "path": "v3beta1/{+parent}:translateText",
              "id": "translate.projects.locations.translateText",
              "request": {
                "$ref": "TranslateTextRequest"
              },
              "description": "Translates input text and returns translated text."
            },
            "getSupportedLanguages": {
              "scopes": [
                "https://www.googleapis.com/auth/cloud-platform",
                "https://www.googleapis.com/auth/cloud-translation"
              ],
              "parameters": {
                "model": {
                  "type": "string",
                  "location": "query",
                  "description": "Optional. Get supported languages of this model.\n\nThe format depends on model type:\n\n- AutoML Translation models:\n  `projects/{project-id}/locations/{location-id}/models/{model-id}`\n\n- General (built-in) models:\n  `projects/{project-id}/locations/{location-id}/models/general/nmt`,\n  `projects/{project-id}/locations/{location-id}/models/general/base`\n\n\nReturns languages supported by the specified model.\nIf missing, we get supported languages of Google general base (PBMT) model."
                },
                "parent": {
                  "location": "path",
                  "description": "Required. Target project or location to make a call.\n\nFormat: `projects/{project-id}` or\n`projects/{project-id}/locations/{location-id}`.\n\nFor global calls, use `projects/{project-id}/locations/global` or\n`projects/{project-id}`.\n\nNon-global location is required for AutoML models.\n\nOnly models within the same region (have same location-id) can be used,\notherwise an INVALID_ARGUMENT (400) error is returned.",
                  "required": true,
                  "type": "string",
                  "pattern": "^projects/[^/]+/locations/[^/]+$"
                },
                "displayLanguageCode": {
                  "description": "Optional. The language to use to return localized, human readable names\nof supported languages. If missing, then display names are not returned\nin a response.",
                  "type": "string",
                  "location": "query"
                }
              },
              "flatPath": "v3beta1/projects/{projectsId}/locations/{locationsId}/supportedLanguages",
              "id": "translate.projects.locations.getSupportedLanguages",
              "path": "v3beta1/{+parent}/supportedLanguages",
              "description": "Returns a list of supported languages for translation.",
              "httpMethod": "GET",
              "parameterOrder": [
                "parent"
              ],
              "response": {
                "$ref": "SupportedLanguages"
              }
            },
            "batchTranslateText": {
              "parameters": {
                "parent": {
                  "location": "path",
                  "description": "Required. Location to make a regional call.\n\nFormat: `projects/{project-id}/locations/{location-id}`.\n\nThe `global` location is not supported for batch translation.\n\nOnly AutoML Translation models or glossaries within the same region (have\nthe same location-id) can be used, otherwise an INVALID_ARGUMENT (400)\nerror is returned.",
                  "required": true,
                  "type": "string",
                  "pattern": "^projects/[^/]+/locations/[^/]+$"
                }
              },
              "scopes": [
                "https://www.googleapis.com/auth/cloud-platform"
              ],
              "flatPath": "v3beta1/projects/{projectsId}/locations/{locationsId}:batchTranslateText",
              "id": "translate.projects.locations.batchTranslateText",
              "path": "v3beta1/{+parent}:batchTranslateText",
              "description": "Translates a large volume of text in asynchronous batch mode.\nThis function provides real-time output as the inputs are being processed.\nIf caller cancels a request, the partial results (for an input file, it's\nall or nothing) may still be available on the specified output location.\n\nThis call returns immediately and you can\nuse google.longrunning.Operation.name to poll the status of the call.",
              "request": {
                "$ref": "BatchTranslateTextRequest"
              },
              "httpMethod": "POST",
              "parameterOrder": [
                "parent"
              ],
              "response": {
                "$ref": "Operation"
              }
            },
            "detectLanguage": {
              "response": {
                "$ref": "DetectLanguageResponse"
              },
              "parameterOrder": [
                "parent"
              ],
              "httpMethod": "POST",
              "scopes": [
                "https://www.googleapis.com/auth/cloud-platform",
                "https://www.googleapis.com/auth/cloud-translation"
              ],
              "parameters": {
                "parent": {
                  "required": true,
                  "type": "string",
                  "pattern": "^projects/[^/]+/locations/[^/]+$",
                  "location": "path",
                  "description": "Required. Target project or location to make a call.\n\nFormat: `projects/{project-id}/locations/{location-id}` or\n`projects/{project-id}`.\n\nFor global calls, use `projects/{project-id}/locations/global` or\n`projects/{project-id}`.\n\nOnly models within the same region (has same location-id) can be used.\nOtherwise an INVALID_ARGUMENT (400) error is returned."
                }
              },
              "flatPath": "v3beta1/projects/{projectsId}/locations/{locationsId}:detectLanguage",
              "path": "v3beta1/{+parent}:detectLanguage",
              "id": "translate.projects.locations.detectLanguage",
              "request": {
                "$ref": "DetectLanguageRequest"
              },
              "description": "Detects the language of text within a request."
            }
          },
          "resources": {
            "glossaries": {
              "methods": {
                "delete": {
                  "response": {
                    "$ref": "Operation"
                  },
                  "parameterOrder": [
                    "name"
                  ],
                  "httpMethod": "DELETE",
                  "parameters": {
                    "name": {
                      "location": "path",
                      "description": "Required. The name of the glossary to delete.",
                      "required": true,
                      "type": "string",
                      "pattern": "^projects/[^/]+/locations/[^/]+/glossaries/[^/]+$"
                    }
                  },
                  "scopes": [
                    "https://www.googleapis.com/auth/cloud-platform",
                    "https://www.googleapis.com/auth/cloud-translation"
                  ],
                  "flatPath": "v3beta1/projects/{projectsId}/locations/{locationsId}/glossaries/{glossariesId}",
                  "path": "v3beta1/{+name}",
                  "id": "translate.projects.locations.glossaries.delete",
                  "description": "Deletes a glossary, or cancels glossary construction\nif the glossary isn't created yet.\nReturns NOT_FOUND, if the glossary doesn't exist."
                },
                "list": {
                  "path": "v3beta1/{+parent}/glossaries",
                  "id": "translate.projects.locations.glossaries.list",
                  "description": "Lists glossaries in a project. Returns NOT_FOUND, if the project doesn't\nexist.",
                  "response": {
                    "$ref": "ListGlossariesResponse"
                  },
                  "parameterOrder": [
                    "parent"
                  ],
                  "httpMethod": "GET",
                  "parameters": {
                    "pageToken": {
                      "description": "Optional. A token identifying a page of results the server should return.\nTypically, this is the value of [ListGlossariesResponse.next_page_token]\nreturned from the previous call to `ListGlossaries` method.\nThe first page is returned if `page_token`is empty or missing.",
                      "type": "string",
                      "location": "query"
                    },
                    "pageSize": {
                      "description": "Optional. Requested page size. The server may return fewer glossaries than\nrequested. If unspecified, the server picks an appropriate default.",
                      "format": "int32",
                      "type": "integer",
                      "location": "query"
                    },
                    "parent": {
                      "pattern": "^projects/[^/]+/locations/[^/]+$",
                      "location": "path",
                      "description": "Required. The name of the project from which to list all of the glossaries.",
                      "required": true,
                      "type": "string"
                    },
                    "filter": {
                      "description": "Optional. Filter specifying constraints of a list operation.\nFiltering is not supported yet, and the parameter currently has no effect.\nIf missing, no filtering is performed.",
                      "type": "string",
                      "location": "query"
                    }
                  },
                  "scopes": [
                    "https://www.googleapis.com/auth/cloud-platform",
                    "https://www.googleapis.com/auth/cloud-translation"
                  ],
                  "flatPath": "v3beta1/projects/{projectsId}/locations/{locationsId}/glossaries"
                },
                "get": {
                  "response": {
                    "$ref": "Glossary"
                  },
                  "parameterOrder": [
                    "name"
                  ],
                  "httpMethod": "GET",
                  "scopes": [
                    "https://www.googleapis.com/auth/cloud-platform",
                    "https://www.googleapis.com/auth/cloud-translation"
                  ],
                  "parameters": {
                    "name": {
                      "required": true,
                      "type": "string",
                      "pattern": "^projects/[^/]+/locations/[^/]+/glossaries/[^/]+$",
                      "location": "path",
                      "description": "Required. The name of the glossary to retrieve."
                    }
                  },
                  "flatPath": "v3beta1/projects/{projectsId}/locations/{locationsId}/glossaries/{glossariesId}",
                  "path": "v3beta1/{+name}",
                  "id": "translate.projects.locations.glossaries.get",
                  "description": "Gets a glossary. Returns NOT_FOUND, if the glossary doesn't\nexist."
                },
                "create": {
                  "path": "v3beta1/{+parent}/glossaries",
                  "id": "translate.projects.locations.glossaries.create",
                  "description": "Creates a glossary and returns the long-running operation. Returns\nNOT_FOUND, if the project doesn't exist.",
                  "request": {
                    "$ref": "Glossary"
                  },
                  "response": {
                    "$ref": "Operation"
                  },
                  "parameterOrder": [
                    "parent"
                  ],
                  "httpMethod": "POST",
                  "parameters": {
                    "parent": {
                      "required": true,
                      "type": "string",
                      "pattern": "^projects/[^/]+/locations/[^/]+$",
                      "location": "path",
                      "description": "Required. The project name."
                    }
                  },
                  "scopes": [
                    "https://www.googleapis.com/auth/cloud-platform"
                  ],
                  "flatPath": "v3beta1/projects/{projectsId}/locations/{locationsId}/glossaries"
                }
              }
            },
            "operations": {
              "methods": {
                "delete": {
                  "description": "Deletes a long-running operation. This method indicates that the client is\nno longer interested in the operation result. It does not cancel the\noperation. If the server doesn't support this method, it returns\n`google.rpc.Code.UNIMPLEMENTED`.",
                  "httpMethod": "DELETE",
                  "response": {
                    "$ref": "Empty"
                  },
                  "parameterOrder": [
                    "name"
                  ],
                  "parameters": {
                    "name": {
                      "location": "path",
                      "description": "The name of the operation resource to be deleted.",
                      "required": true,
                      "type": "string",
                      "pattern": "^projects/[^/]+/locations/[^/]+/operations/[^/]+$"
                    }
                  },
                  "scopes": [
                    "https://www.googleapis.com/auth/cloud-platform",
                    "https://www.googleapis.com/auth/cloud-translation"
                  ],
                  "flatPath": "v3beta1/projects/{projectsId}/locations/{locationsId}/operations/{operationsId}",
                  "id": "translate.projects.locations.operations.delete",
                  "path": "v3beta1/{+name}"
                },
                "list": {
                  "response": {
                    "$ref": "ListOperationsResponse"
                  },
                  "parameterOrder": [
                    "name"
                  ],
                  "httpMethod": "GET",
                  "parameters": {
                    "name": {
                      "description": "The name of the operation's parent resource.",
                      "required": true,
                      "type": "string",
                      "pattern": "^projects/[^/]+/locations/[^/]+$",
                      "location": "path"
                    },
                    "pageToken": {
                      "location": "query",
                      "description": "The standard list page token.",
                      "type": "string"
                    },
                    "pageSize": {
                      "location": "query",
                      "description": "The standard list page size.",
                      "format": "int32",
                      "type": "integer"
                    },
                    "filter": {
                      "location": "query",
                      "description": "The standard list filter.",
                      "type": "string"
                    }
                  },
                  "scopes": [
                    "https://www.googleapis.com/auth/cloud-platform",
                    "https://www.googleapis.com/auth/cloud-translation"
                  ],
                  "flatPath": "v3beta1/projects/{projectsId}/locations/{locationsId}/operations",
                  "path": "v3beta1/{+name}/operations",
                  "id": "translate.projects.locations.operations.list",
                  "description": "Lists operations that match the specified filter in the request. If the\nserver doesn't support this method, it returns `UNIMPLEMENTED`.\n\nNOTE: the `name` binding allows API services to override the binding\nto use different resource name schemes, such as `users/*/operations`. To\noverride the binding, API services can add a binding such as\n`\"/v1/{name=users/*}/operations\"` to their service configuration.\nFor backwards compatibility, the default name includes the operations\ncollection id, however overriding users must ensure the name binding\nis the parent resource, without the operations collection id."
                },
                "get": {
                  "description": "Gets the latest state of a long-running operation.  Clients can use this\nmethod to poll the operation result at intervals as recommended by the API\nservice.",
                  "response": {
                    "$ref": "Operation"
                  },
                  "parameterOrder": [
                    "name"
                  ],
                  "httpMethod": "GET",
                  "parameters": {
                    "name": {
                      "location": "path",
                      "description": "The name of the operation resource.",
                      "required": true,
                      "type": "string",
                      "pattern": "^projects/[^/]+/locations/[^/]+/operations/[^/]+$"
                    }
                  },
                  "scopes": [
                    "https://www.googleapis.com/auth/cloud-platform",
                    "https://www.googleapis.com/auth/cloud-translation"
                  ],
                  "flatPath": "v3beta1/projects/{projectsId}/locations/{locationsId}/operations/{operationsId}",
                  "path": "v3beta1/{+name}",
                  "id": "translate.projects.locations.operations.get"
                },
                "wait": {
                  "response": {
                    "$ref": "Operation"
                  },
                  "parameterOrder": [
                    "name"
                  ],
                  "httpMethod": "POST",
                  "scopes": [
                    "https://www.googleapis.com/auth/cloud-platform",
                    "https://www.googleapis.com/auth/cloud-translation"
                  ],
                  "parameters": {
                    "name": {
                      "pattern": "^projects/[^/]+/locations/[^/]+/operations/[^/]+$",
                      "location": "path",
                      "description": "The name of the operation resource to wait on.",
                      "required": true,
                      "type": "string"
                    }
                  },
                  "flatPath": "v3beta1/projects/{projectsId}/locations/{locationsId}/operations/{operationsId}:wait",
                  "path": "v3beta1/{+name}:wait",
                  "id": "translate.projects.locations.operations.wait",
                  "request": {
                    "$ref": "WaitOperationRequest"
                  },
                  "description": "Waits for the specified long-running operation until it is done or reaches\nat most a specified timeout, returning the latest state.  If the operation\nis already done, the latest state is immediately returned.  If the timeout\nspecified is greater than the default HTTP/RPC timeout, the HTTP/RPC\ntimeout is used.  If the server does not support this method, it returns\n`google.rpc.Code.UNIMPLEMENTED`.\nNote that this method is on a best-effort basis.  It may return the latest\nstate before the specified timeout (including immediately), meaning even an\nimmediate response is no guarantee that the operation is done."
                },
                "cancel": {
                  "flatPath": "v3beta1/projects/{projectsId}/locations/{locationsId}/operations/{operationsId}:cancel",
                  "path": "v3beta1/{+name}:cancel",
                  "id": "translate.projects.locations.operations.cancel",
                  "description": "Starts asynchronous cancellation on a long-running operation.  The server\nmakes a best effort to cancel the operation, but success is not\nguaranteed.  If the server doesn't support this method, it returns\n`google.rpc.Code.UNIMPLEMENTED`.  Clients can use\nOperations.GetOperation or\nother methods to check whether the cancellation succeeded or whether the\noperation completed despite cancellation. On successful cancellation,\nthe operation is not deleted; instead, it becomes an operation with\nan Operation.error value with a google.rpc.Status.code of 1,\ncorresponding to `Code.CANCELLED`.",
                  "request": {
                    "$ref": "CancelOperationRequest"
                  },
                  "response": {
                    "$ref": "Empty"
                  },
                  "parameterOrder": [
                    "name"
                  ],
                  "httpMethod": "POST",
                  "parameters": {
                    "name": {
                      "required": true,
                      "type": "string",
                      "pattern": "^projects/[^/]+/locations/[^/]+/operations/[^/]+$",
                      "location": "path",
                      "description": "The name of the operation resource to be cancelled."
                    }
                  },
                  "scopes": [
                    "https://www.googleapis.com/auth/cloud-platform",
                    "https://www.googleapis.com/auth/cloud-translation"
                  ]
                }
              }
            }
          }
        }
      }
    }
  },
  "parameters": {
    "callback": {
      "type": "string",
      "location": "query",
      "description": "JSONP"
    },
    "oauth_token": {
      "type": "string",
      "location": "query",
      "description": "OAuth 2.0 token for the current user."
    },
    "$.xgafv": {
      "type": "string",
      "enumDescriptions": [
        "v1 error format",
        "v2 error format"
      ],
      "location": "query",
      "enum": [
        "1",
        "2"
      ],
      "description": "V1 error format."
    },
    "alt": {
      "enum": [
        "json",
        "media",
        "proto"
      ],
      "type": "string",
      "enumDescriptions": [
        "Responses with Content-Type of application/json",
        "Media download with context-dependent Content-Type",
        "Responses with Content-Type of application/x-protobuf"
      ],
      "location": "query",
      "description": "Data format for response.",
      "default": "json"
    },
    "key": {
      "type": "string",
      "location": "query",
      "description": "API key. Your API key identifies your project and provides you with API access, quota, and reports. Required unless you provide an OAuth 2.0 token."
    },
    "access_token": {
      "location": "query",
      "description": "OAuth access token.",
      "type": "string"
    },
    "upload_protocol": {
      "description": "Upload protocol for media (e.g. \"raw\", \"multipart\").",
      "type": "string",
      "location": "query"
    },
    "quotaUser": {
      "description": "Available to use for quota purposes for server-side applications. Can be any arbitrary string assigned to a user, but should not exceed 40 characters.",
      "type": "string",
      "location": "query"
    },
    "prettyPrint": {
      "location": "query",
      "description": "Returns response with indentations and line breaks.",
      "type": "boolean",
      "default": "true"
    },
    "uploadType": {
      "type": "string",
      "location": "query",
      "description": "Legacy upload protocol for media (e.g. \"media\", \"multipart\")."
    },
    "fields": {
      "location": "query",
      "description": "Selector specifying which fields to include in a partial response.",
      "type": "string"
    }
  },
  "version": "v3beta1",
  "baseUrl": "https://translation.googleapis.com/",
  "kind": "discovery#restDescription",
  "description": "Integrates text translation into your website or application.",
  "servicePath": "",
  "basePath": "",
  "id": "translate:v3beta1",
  "revision": "20190713",
  "documentationLink": "https://cloud.google.com/translate/docs/quickstarts",
  "discoveryVersion": "v1",
  "version_module": true,
  "schemas": {
    "DetectLanguageRequest": {
      "type": "object",
      "properties": {
        "mimeType": {
          "type": "string",
          "description": "Optional. The format of the source text, for example, \"text/html\",\n\"text/plain\". If left blank, the MIME type defaults to \"text/html\"."
        },
        "content": {
          "type": "string",
          "description": "The content of the input stored as a string."
        },
        "model": {
          "type": "string",
          "description": "Optional. The language detection model to be used.\n\nFormat:\n`projects/{project-id}/locations/{location-id}/models/language-detection/{model-id}`\n\nOnly one language detection model is currently supported:\n`projects/{project-id}/locations/{location-id}/models/language-detection/default`.\n\nIf not specified, the default model is used."
        }
      },
      "id": "DetectLanguageRequest",
      "description": "The request message for language detection."
    },
    "TranslateTextResponse": {
      "type": "object",
      "properties": {
        "translations": {
          "description": "Text translation responses with no glossary applied.\nThis field has the same length as\n`contents`.",
          "type": "array",
          "items": {
            "$ref": "Translation"
          }
        },
        "glossaryTranslations": {
          "type": "array",
          "items": {
            "$ref": "Translation"
          },
          "description": "Text translation responses if a glossary is provided in the request.\nThis can be the same as\n`translations` if no terms apply.\nThis field has the same length as\n`contents`."
        }
      },
      "id": "TranslateTextResponse"
    },
    "GcsDestination": {
      "type": "object",
      "properties": {
        "outputUriPrefix": {
          "type": "string",
          "description": "Required. There must be no files under 'output_uri_prefix'.\n'output_uri_prefix' must end with \"/\" and start with \"gs://\", otherwise an\nINVALID_ARGUMENT (400) error is returned."
        }
      },
      "id": "GcsDestination",
      "description": "The Google Cloud Storage location for the output content."
    },
    "Glossary": {
      "type": "object",
      "properties": {
        "endTime": {
          "type": "string",
          "description": "Output only. When the glossary creation was finished.",
          "format": "google-datetime"
        },
        "entryCount": {
          "description": "Output only. The number of entries defined in the glossary.",
          "format": "int32",
          "type": "integer"
        },
        "inputConfig": {
          "$ref": "GlossaryInputConfig",
          "description": "Required. Provides examples to build the glossary from.\nTotal glossary must not exceed 10M Unicode codepoints."
        },
        "submitTime": {
          "type": "string",
          "description": "Output only. When CreateGlossary was called.",
          "format": "google-datetime"
        },
        "languagePair": {
          "$ref": "LanguageCodePair",
          "description": "Used with unidirectional glossaries."
        },
        "name": {
          "description": "Required. The resource name of the glossary. Glossary names have the form\n`projects/{project-id}/locations/{location-id}/glossaries/{glossary-id}`.",
          "type": "string"
        },
        "languageCodesSet": {
          "$ref": "LanguageCodesSet",
          "description": "Used with equivalent term set glossaries."
        }
      },
      "id": "Glossary",
      "description": "Represents a glossary built from user provided data."
    },
    "GcsSource": {
      "type": "object",
      "properties": {
        "inputUri": {
          "description": "Required. Source data URI. For example, `gs://my_bucket/my_object`.",
          "type": "string"
        }
      },
      "id": "GcsSource",
      "description": "The Google Cloud Storage location for the input content."
    },
    "BatchTranslateTextRequest": {
      "type": "object",
      "properties": {
        "glossaries": {
          "additionalProperties": {
            "$ref": "TranslateTextGlossaryConfig"
          },
          "description": "Optional. Glossaries to be applied for translation.\nIt's keyed by target language code.",
          "type": "object"
        },
        "models": {
          "type": "object",
          "additionalProperties": {
            "type": "string"
          },
          "description": "Optional. The models to use for translation. Map's key is target language\ncode. Map's value is model name. Value can be a built-in general model,\nor an AutoML Translation model.\n\nThe value format depends on model type:\n\n- AutoML Translation models:\n  `projects/{project-id}/locations/{location-id}/models/{model-id}`\n\n- General (built-in) models:\n  `projects/{project-id}/locations/{location-id}/models/general/nmt`,\n  `projects/{project-id}/locations/{location-id}/models/general/base`\n\n\nIf the map is empty or a specific model is\nnot requested for a language pair, then default google model (nmt) is used."
        },
        "targetLanguageCodes": {
          "type": "array",
          "items": {
            "type": "string"
          },
          "description": "Required. Specify up to 10 language codes here."
        },
        "outputConfig": {
          "description": "Required. Output configuration.\nIf 2 input configs match to the same file (that is, same input path),\nwe don't generate output for duplicate inputs.",
          "$ref": "OutputConfig"
        },
        "sourceLanguageCode": {
          "description": "Required. Source language code.",
          "type": "string"
        },
        "inputConfigs": {
          "description": "Required. Input configurations.\nThe total number of files matched should be \u003c= 1000.\nThe total content size should be \u003c= 100M Unicode codepoints.\nThe files must use UTF-8 encoding.",
          "type": "array",
          "items": {
            "$ref": "InputConfig"
          }
        }
      },
      "id": "BatchTranslateTextRequest",
      "description": "The batch translation request."
    },
    "InputConfig": {
      "description": "Input configuration for BatchTranslateText request.",
      "type": "object",
      "properties": {
        "gcsSource": {
          "description": "Required. Google Cloud Storage location for the source input.\nThis can be a single file (for example,\n`gs://translation-test/input.tsv`) or a wildcard (for example,\n`gs://translation-test/*`). If a file extension is `.tsv`, it can\ncontain either one or two columns. The first column (optional) is the id\nof the text request. If the first column is missing, we use the row\nnumber (0-based) from the input file as the ID in the output file. The\nsecond column is the actual text to be\n translated. We recommend each row be \u003c= 10K Unicode codepoints,\notherwise an error might be returned.\nNote that the input tsv must be RFC 4180 compliant.\n\nYou could use https://github.com/Clever/csvlint to check potential\nformatting errors in your tsv file.\ncsvlint --delimiter='\\t' your_input_file.tsv\n\nThe other supported file extensions are `.txt` or `.html`, which is\ntreated as a single large chunk of text.",
          "$ref": "GcsSource"
        },
        "mimeType": {
          "description": "Optional. Can be \"text/plain\" or \"text/html\".\nFor `.tsv`, \"text/html\" is used if mime_type is missing.\nFor `.html`, this field must be \"text/html\" or empty.\nFor `.txt`, this field must be \"text/plain\" or empty.",
          "type": "string"
        }
      },
      "id": "InputConfig"
    },
    "CancelOperationRequest": {
      "description": "The request message for Operations.CancelOperation.",
      "type": "object",
      "properties": {},
      "id": "CancelOperationRequest"
    },
    "Operation": {
      "id": "Operation",
      "description": "This resource represents a long-running operation that is the result of a\nnetwork API call.",
      "type": "object",
      "properties": {
        "name": {
          "description": "The server-assigned name, which is only unique within the same service that\noriginally returns it. If you use the default HTTP mapping, the\n`name` should be a resource name ending with `operations/{unique_id}`.",
          "type": "string"
        },
        "error": {
          "description": "The error result of the operation in case of failure or cancellation.",
          "$ref": "Status"
        },
        "metadata": {
          "type": "object",
          "additionalProperties": {
            "description": "Properties of the object. Contains field @type with type URL.",
            "type": "any"
          },
          "description": "Service-specific metadata associated with the operation.  It typically\ncontains progress information and common metadata such as create time.\nSome services might not provide such metadata.  Any method that returns a\nlong-running operation should document the metadata type, if any."
        },
        "done": {
          "type": "boolean",
          "description": "If the value is `false`, it means the operation is still in progress.\nIf `true`, the operation is completed, and either `error` or `response` is\navailable."
        },
        "response": {
          "additionalProperties": {
            "type": "any",
            "description": "Properties of the object. Contains field @type with type URL."
          },
          "description": "The normal response of the operation in case of success.  If the original\nmethod returns no data on success, such as `Delete`, the response is\n`google.protobuf.Empty`.  If the original method is standard\n`Get`/`Create`/`Update`, the response should be the resource.  For other\nmethods, the response should have the type `XxxResponse`, where `Xxx`\nis the original method name.  For example, if the original method name\nis `TakeSnapshot()`, the inferred response type is\n`TakeSnapshotResponse`.",
          "type": "object"
        }
      }
    },
    "ListGlossariesResponse": {
      "type": "object",
      "properties": {
        "nextPageToken": {
          "description": "A token to retrieve a page of results. Pass this value in the\n[ListGlossariesRequest.page_token] field in the subsequent call to\n`ListGlossaries` method to retrieve the next page of results.",
          "type": "string"
        },
        "glossaries": {
          "type": "array",
          "items": {
            "$ref": "Glossary"
          },
          "description": "The list of glossaries for a project."
        }
      },
      "id": "ListGlossariesResponse",
      "description": "Response message for ListGlossaries."
    },
    "WaitOperationRequest": {
      "id": "WaitOperationRequest",
      "description": "The request message for Operations.WaitOperation.",
      "type": "object",
      "properties": {
        "timeout": {
          "type": "string",
          "description": "The maximum duration to wait before timing out. If left blank, the wait\nwill be at most the time permitted by the underlying HTTP/RPC protocol.\nIf RPC context deadline is also specified, the shorter one will be used.",
          "format": "google-duration"
        }
      }
    },
    "DetectLanguageResponse": {
      "description": "The response message for language detection.",
      "type": "object",
      "properties": {
        "languages": {
          "description": "A list of detected languages sorted by detection confidence in descending\norder. The most probable language first.",
          "type": "array",
          "items": {
            "$ref": "DetectedLanguage"
          }
        }
      },
      "id": "DetectLanguageResponse"
    },
    "LanguageCodePair": {
      "type": "object",
      "properties": {
        "targetLanguageCode": {
          "description": "Required. The BCP-47 language code for translation output, for example,\n\"zh-CN\". Expected to be an exact match for GlossaryTerm.language_code.",
          "type": "string"
        },
        "sourceLanguageCode": {
          "description": "Required. The BCP-47 language code of the input text, for example,\n\"en-US\". Expected to be an exact match for GlossaryTerm.language_code.",
          "type": "string"
        }
      },
      "id": "LanguageCodePair",
      "description": "Used with unidirectional glossaries."
    },
    "Status": {
      "id": "Status",
      "description": "The `Status` type defines a logical error model that is suitable for\ndifferent programming environments, including REST APIs and RPC APIs. It is\nused by [gRPC](https://github.com/grpc). Each `Status` message contains\nthree pieces of data: error code, error message, and error details.\n\nYou can find out more about this error model and how to work with it in the\n[API Design Guide](https://cloud.google.com/apis/design/errors).",
      "type": "object",
      "properties": {
        "details": {
          "description": "A list of messages that carry the error details.  There is a common set of\nmessage types for APIs to use.",
          "type": "array",
          "items": {
            "additionalProperties": {
              "type": "any",
              "description": "Properties of the object. Contains field @type with type URL."
            },
            "type": "object"
          }
        },
        "code": {
          "description": "The status code, which should be an enum value of google.rpc.Code.",
          "format": "int32",
          "type": "integer"
        },
        "message": {
          "type": "string",
          "description": "A developer-facing error message, which should be in English. Any\nuser-facing error message should be localized and sent in the\ngoogle.rpc.Status.details field, or localized by the client."
        }
      }
    },
    "TranslateTextRequest": {
      "id": "TranslateTextRequest",
      "description": "The request message for synchronous translation.",
      "type": "object",
      "properties": {
        "targetLanguageCode": {
          "description": "Required. The BCP-47 language code to use for translation of the input\ntext, set to one of the language codes listed in Language Support.",
          "type": "string"
        },
        "sourceLanguageCode": {
          "description": "Optional. The BCP-47 language code of the input text if\nknown, for example, \"en-US\" or \"sr-Latn\". Supported language codes are\nlisted in Language Support. If the source language isn't specified, the API\nattempts to identify the source language automatically and returns the\nsource language within the response.",
          "type": "string"
        },
        "model": {
          "description": "Optional. The `model` type requested for this translation.\n\nThe format depends on model type:\n\n- AutoML Translation models:\n  `projects/{project-id}/locations/{location-id}/models/{model-id}`\n\n- General (built-in) models:\n  `projects/{project-id}/locations/{location-id}/models/general/nmt`,\n  `projects/{project-id}/locations/{location-id}/models/general/base`\n\n\nFor global (non-regionalized) requests, use `location-id` `global`.\nFor example,\n`projects/{project-id}/locations/global/models/general/nmt`.\n\nIf missing, the system decides which google base model to use.",
          "type": "string"
        },
        "contents": {
          "description": "Required. The content of the input in string format.\nWe recommend the total content be less than 30k codepoints.\nUse BatchTranslateText for larger text.",
          "type": "array",
          "items": {
            "type": "string"
          }
        },
        "mimeType": {
          "description": "Optional. The format of the source text, for example, \"text/html\",\n \"text/plain\". If left blank, the MIME type defaults to \"text/html\".",
          "type": "string"
        },
        "glossaryConfig": {
          "$ref": "TranslateTextGlossaryConfig",
          "description": "Optional. Glossary to be applied. The glossary must be\nwithin the same region (have the same location-id) as the model, otherwise\nan INVALID_ARGUMENT (400) error is returned."
        }
      }
    },
    "ListOperationsResponse": {
      "description": "The response message for Operations.ListOperations.",
      "type": "object",
      "properties": {
        "operations": {
          "description": "A list of operations that matches the specified filter in the request.",
          "type": "array",
          "items": {
            "$ref": "Operation"
          }
        },
        "nextPageToken": {
          "description": "The standard List next-page token.",
          "type": "string"
        }
      },
      "id": "ListOperationsResponse"
    },
    "DetectedLanguage": {
      "description": "The response message for language detection.",
      "type": "object",
      "properties": {
        "languageCode": {
          "description": "The BCP-47 language code of source content in the request, detected\nautomatically.",
          "type": "string"
        },
        "confidence": {
          "type": "number",
          "description": "The confidence of the detection result for this language.",
          "format": "float"
        }
      },
      "id": "DetectedLanguage"
    },
    "SupportedLanguage": {
      "id": "SupportedLanguage",
      "description": "A single supported language response corresponds to information related\nto one supported language.",
      "type": "object",
      "properties": {
        "supportTarget": {
          "description": "Can be used as target language.",
          "type": "boolean"
        },
        "displayName": {
          "description": "Human readable name of the language localized in the display language\nspecified in the request.",
          "type": "string"
        },
        "supportSource": {
          "type": "boolean",
          "description": "Can be used as source language."
        },
        "languageCode": {
          "description": "Supported language code, generally consisting of its ISO 639-1\nidentifier, for example, 'en', 'ja'. In certain cases, BCP-47 codes\nincluding language and region identifiers are returned (for example,\n'zh-TW' and 'zh-CN')",
          "type": "string"
        }
      }
    },
    "GlossaryInputConfig": {
      "id": "GlossaryInputConfig",
      "description": "Input configuration for glossaries.",
      "type": "object",
      "properties": {
        "gcsSource": {
          "$ref": "GcsSource",
          "description": "Required. Google Cloud Storage location of glossary data.\nFile format is determined based on the filename extension. API returns\n[google.rpc.Code.INVALID_ARGUMENT] for unsupported URI-s and file\nformats. Wildcards are not allowed. This must be a single file in one of\nthe following formats:\n\nFor unidirectional glossaries:\n\n- TSV/CSV (`.tsv`/`.csv`): 2 column file, tab- or comma-separated.\n  The first column is source text. The second column is target text.\n  The file must not contain headers. That is, the first row is data, not\n  column names.\n\n- TMX (`.tmx`): TMX file with parallel data defining source/target term\npairs.\n\nFor equivalent term sets glossaries:\n\n- CSV (`.csv`): Multi-column CSV file defining equivalent glossary terms\n  in multiple languages. The format is defined for Google Translation\n  Toolkit and documented in [Use a\n  glossary](https://support.google.com/translatortoolkit/answer/6306379?hl=en)."
        }
      }
    },
    "SupportedLanguages": {
      "description": "The response message for discovering supported languages.",
      "type": "object",
      "properties": {
        "languages": {
          "description": "A list of supported language responses. This list contains an entry\nfor each language the Translation API supports.",
          "type": "array",
          "items": {
            "$ref": "SupportedLanguage"
          }
        }
      },
      "id": "SupportedLanguages"
    },
    "OutputConfig": {
      "id": "OutputConfig",
      "description": "Output configuration for BatchTranslateText request.",
      "type": "object",
      "properties": {
        "gcsDestination": {
          "$ref": "GcsDestination",
          "description": "Google Cloud Storage destination for output content.\nFor every single input file (for example, gs://a/b/c.[extension]), we\ngenerate at most 2 * n output files. (n is the # of target_language_codes\nin the BatchTranslateTextRequest).\n\nOutput files (tsv) generated are compliant with RFC 4180 except that\nrecord delimiters are '\\n' instead of '\\r\\n'. We don't provide any way to\nchange record delimiters.\n\nWhile the input files are being processed, we write/update an index file\n'index.csv'  under 'output_uri_prefix' (for example,\ngs://translation-test/index.csv) The index file is generated/updated as\nnew files are being translated. The format is:\n\ninput_file,target_language_code,translations_file,errors_file,\nglossary_translations_file,glossary_errors_file\n\ninput_file is one file we matched using gcs_source.input_uri.\ntarget_language_code is provided in the request.\ntranslations_file contains the translations. (details provided below)\nerrors_file contains the errors during processing of the file. (details\nbelow). Both translations_file and errors_file could be empty\nstrings if we have no content to output.\nglossary_translations_file and glossary_errors_file are always empty\nstrings if the input_file is tsv. They could also be empty if we have no\ncontent to output.\n\nOnce a row is present in index.csv, the input/output matching never\nchanges. Callers should also expect all the content in input_file are\nprocessed and ready to be consumed (that is, no partial output file is\nwritten).\n\nThe format of translations_file (for target language code 'trg') is:\ngs://translation_test/a_b_c_'trg'_translations.[extension]\n\nIf the input file extension is tsv, the output has the following\ncolumns:\nColumn 1: ID of the request provided in the input, if it's not\nprovided in the input, then the input row number is used (0-based).\nColumn 2: source sentence.\nColumn 3: translation without applying a glossary. Empty string if there\nis an error.\nColumn 4 (only present if a glossary is provided in the request):\ntranslation after applying the glossary. Empty string if there is an\nerror applying the glossary. Could be same string as column 3 if there is\nno glossary applied.\n\nIf input file extension is a txt or html, the translation is directly\nwritten to the output file. If glossary is requested, a separate\nglossary_translations_file has format of\ngs://translation_test/a_b_c_'trg'_glossary_translations.[extension]\n\nThe format of errors file (for target language code 'trg') is:\ngs://translation_test/a_b_c_'trg'_errors.[extension]\n\nIf the input file extension is tsv, errors_file contains the following:\nColumn 1: ID of the request provided in the input, if it's not\nprovided in the input, then the input row number is used (0-based).\nColumn 2: source sentence.\nColumn 3: Error detail for the translation. Could be empty.\nColumn 4 (only present if a glossary is provided in the request):\nError when applying the glossary.\n\nIf the input file extension is txt or html, glossary_error_file will be\ngenerated that contains error details. glossary_error_file has format of\ngs://translation_test/a_b_c_'trg'_glossary_errors.[extension]"
        }
      }
    },
    "TranslateTextGlossaryConfig": {
      "description": "Configures which glossary should be used for a specific target language,\nand defines options for applying that glossary.",
      "type": "object",
      "properties": {
        "glossary": {
          "description": "Required. Specifies the glossary used for this translation. Use\nthis format: projects/*/locations/*/glossaries/*",
          "type": "string"
        },
        "ignoreCase": {
          "type": "boolean",
          "description": "Optional. Indicates match is case-insensitive.\nDefault value is false if missing."
        }
      },
      "id": "TranslateTextGlossaryConfig"
    },
    "Translation": {
      "description": "A single translation response.",
      "type": "object",
      "properties": {
        "glossaryConfig": {
          "$ref": "TranslateTextGlossaryConfig",
          "description": "The `glossary_config` used for this translation."
        },
        "model": {
          "type": "string",
          "description": "Only present when `model` is present in the request.\nThis is same as `model` provided in the request."
        },
        "translatedText": {
          "type": "string",
          "description": "Text translated into the target language."
        },
        "detectedLanguageCode": {
          "type": "string",
          "description": "The BCP-47 language code of source text in the initial request, detected\nautomatically, if no source language was passed within the initial\nrequest. If the source language was passed, auto-detection of the language\ndoes not occur and this field is empty."
        }
      },
      "id": "Translation"
    },
    "LanguageCodesSet": {
      "description": "Used with equivalent term set glossaries.",
      "type": "object",
      "properties": {
        "languageCodes": {
          "description": "The BCP-47 language code(s) for terms defined in the glossary.\nAll entries are unique. The list contains at least two entries.\nExpected to be an exact match for GlossaryTerm.language_code.",
          "type": "array",
          "items": {
            "type": "string"
          }
        }
      },
      "id": "LanguageCodesSet"
    },
    "Empty": {
      "type": "object",
      "properties": {},
      "id": "Empty",
      "description": "A generic empty message that you can re-use to avoid defining duplicated\nempty messages in your APIs. A typical example is to use it as the request\nor the response type of an API method. For instance:\n\n    service Foo {\n      rpc Bar(google.protobuf.Empty) returns (google.protobuf.Empty);\n    }\n\nThe JSON representation for `Empty` is empty JSON object `{}`."
    }
  },
  "icons": {
    "x16": "http://www.google.com/images/icons/product/search-16.gif",
    "x32": "http://www.google.com/images/icons/product/search-32.gif"
  },
  "protocol": "rest",
  "canonicalName": "Translate",
  "auth": {
    "oauth2": {
      "scopes": {
        "https://www.googleapis.com/auth/cloud-platform": {
          "description": "View and manage your data across Google Cloud Platform services"
        },
        "https://www.googleapis.com/auth/cloud-translation": {
          "description": "Translate text from one language to another using Google Translate"
        }
      }
    }
  },
  "rootUrl": "https://translation.googleapis.com/",
  "ownerDomain": "google.com",
  "name": "translate",
  "batchPath": "batch",
  "title": "Cloud Translation API"
}
