{
  "rootUrl": "https://youtubeanalytics.googleapis.com/",
  "ownerDomain": "google.com",
  "name": "youtubeAnalytics",
  "batchPath": "batch",
  "fullyEncodeReservedExpansion": true,
  "title": "YouTube Analytics API",
  "ownerName": "Google",
  "resources": {},
  "parameters": {
    "access_token": {
      "type": "string",
      "location": "query",
      "description": "OAuth access token."
    },
    "key": {
      "location": "query",
      "description": "API key. Your API key identifies your project and provides you with API access, quota, and reports. Required unless you provide an OAuth 2.0 token.",
      "type": "string"
    },
    "upload_protocol": {
      "description": "Upload protocol for media (e.g. \"raw\", \"multipart\").",
      "type": "string",
      "location": "query"
    },
    "prettyPrint": {
      "type": "boolean",
      "default": "true",
      "location": "query",
      "description": "Returns response with indentations and line breaks."
    },
    "quotaUser": {
      "location": "query",
      "description": "Available to use for quota purposes for server-side applications. Can be any arbitrary string assigned to a user, but should not exceed 40 characters.",
      "type": "string"
    },
    "fields": {
      "description": "Selector specifying which fields to include in a partial response.",
      "type": "string",
      "location": "query"
    },
    "uploadType": {
      "description": "Legacy upload protocol for media (e.g. \"media\", \"multipart\").",
      "type": "string",
      "location": "query"
    },
    "callback": {
      "location": "query",
      "description": "JSONP",
      "type": "string"
    },
    "oauth_token": {
      "type": "string",
      "location": "query",
      "description": "OAuth 2.0 token for the current user."
    },
    "$.xgafv": {
      "description": "V1 error format.",
      "type": "string",
      "enumDescriptions": [
        "v1 error format",
        "v2 error format"
      ],
      "location": "query",
      "enum": [
        "1",
        "2"
      ]
    },
    "alt": {
      "enumDescriptions": [
        "Responses with Content-Type of application/json",
        "Media download with context-dependent Content-Type",
        "Responses with Content-Type of application/x-protobuf"
      ],
      "location": "query",
      "description": "Data format for response.",
      "default": "json",
      "enum": [
        "json",
        "media",
        "proto"
      ],
      "type": "string"
    }
  },
  "version": "v1",
  "baseUrl": "https://youtubeanalytics.googleapis.com/",
  "kind": "discovery#restDescription",
  "description": "Retrieves your YouTube Analytics data.",
  "servicePath": "",
  "basePath": "",
  "revision": "20190717",
  "documentationLink": "https://developers.google.com/youtube/analytics",
  "id": "youtubeAnalytics:v1",
  "discoveryVersion": "v1",
  "version_module": true,
  "schemas": {},
  "icons": {
    "x32": "http://www.google.com/images/icons/product/search-32.gif",
    "x16": "http://www.google.com/images/icons/product/search-16.gif"
  },
  "protocol": "rest",
  "canonicalName": "YouTube Analytics"
}
