{
  "resources": {
    "media": {
      "methods": {
        "download": {
          "parameters": {
            "resourceName": {
              "pattern": "^.+$",
              "location": "path",
              "description": "Name of the media that is being downloaded.",
              "required": true,
              "type": "string"
            }
          },
          "scopes": [
            "https://www.googleapis.com/auth/yt-analytics-monetary.readonly",
            "https://www.googleapis.com/auth/yt-analytics.readonly"
          ],
          "flatPath": "v1/media/{mediaId}",
          "id": "youtubereporting.media.download",
          "path": "v1/media/{+resourceName}",
          "description": "Method for media download. Download is supported\non the URI `/v1/media/{+name}?alt=media`.",
          "useMediaDownloadService": true,
          "supportsMediaDownload": true,
          "httpMethod": "GET",
          "parameterOrder": [
            "resourceName"
          ],
          "response": {
            "$ref": "GdataMedia"
          }
        }
      }
    },
    "jobs": {
      "methods": {
        "list": {
          "httpMethod": "GET",
          "parameterOrder": [],
          "response": {
            "$ref": "ListJobsResponse"
          },
          "scopes": [
            "https://www.googleapis.com/auth/yt-analytics-monetary.readonly",
            "https://www.googleapis.com/auth/yt-analytics.readonly"
          ],
          "parameters": {
            "onBehalfOfContentOwner": {
              "location": "query",
              "description": "The content owner's external ID on which behalf the user is acting on. If\nnot set, the user is acting for himself (his own channel).",
              "type": "string"
            },
            "pageToken": {
              "description": "A token identifying a page of results the server should return. Typically,\nthis is the value of\nListReportTypesResponse.next_page_token\nreturned in response to the previous call to the `ListJobs` method.",
              "type": "string",
              "location": "query"
            },
            "includeSystemManaged": {
              "location": "query",
              "description": "If set to true, also system-managed jobs will be returned; otherwise only\nuser-created jobs will be returned. System-managed jobs can neither be\nmodified nor deleted.",
              "type": "boolean"
            },
            "pageSize": {
              "description": "Requested page size. Server may return fewer jobs than requested.\nIf unspecified, server will pick an appropriate default.",
              "format": "int32",
              "type": "integer",
              "location": "query"
            }
          },
          "flatPath": "v1/jobs",
          "id": "youtubereporting.jobs.list",
          "path": "v1/jobs",
          "description": "Lists jobs."
        },
        "get": {
          "parameters": {
            "onBehalfOfContentOwner": {
              "location": "query",
              "description": "The content owner's external ID on which behalf the user is acting on. If\nnot set, the user is acting for himself (his own channel).",
              "type": "string"
            },
            "jobId": {
              "location": "path",
              "description": "The ID of the job to retrieve.",
              "required": true,
              "type": "string"
            }
          },
          "scopes": [
            "https://www.googleapis.com/auth/yt-analytics-monetary.readonly",
            "https://www.googleapis.com/auth/yt-analytics.readonly"
          ],
          "flatPath": "v1/jobs/{jobId}",
          "path": "v1/jobs/{jobId}",
          "id": "youtubereporting.jobs.get",
          "description": "Gets a job.",
          "response": {
            "$ref": "Job"
          },
          "parameterOrder": [
            "jobId"
          ],
          "httpMethod": "GET"
        },
        "create": {
          "description": "Creates a job and returns it.",
          "request": {
            "$ref": "Job"
          },
          "httpMethod": "POST",
          "parameterOrder": [],
          "response": {
            "$ref": "Job"
          },
          "parameters": {
            "onBehalfOfContentOwner": {
              "location": "query",
              "description": "The content owner's external ID on which behalf the user is acting on. If\nnot set, the user is acting for himself (his own channel).",
              "type": "string"
            }
          },
          "scopes": [
            "https://www.googleapis.com/auth/yt-analytics-monetary.readonly",
            "https://www.googleapis.com/auth/yt-analytics.readonly"
          ],
          "flatPath": "v1/jobs",
          "id": "youtubereporting.jobs.create",
          "path": "v1/jobs"
        },
        "delete": {
          "flatPath": "v1/jobs/{jobId}",
          "path": "v1/jobs/{jobId}",
          "id": "youtubereporting.jobs.delete",
          "description": "Deletes a job.",
          "response": {
            "$ref": "Empty"
          },
          "parameterOrder": [
            "jobId"
          ],
          "httpMethod": "DELETE",
          "scopes": [
            "https://www.googleapis.com/auth/yt-analytics-monetary.readonly",
            "https://www.googleapis.com/auth/yt-analytics.readonly"
          ],
          "parameters": {
            "jobId": {
              "required": true,
              "type": "string",
              "location": "path",
              "description": "The ID of the job to delete."
            },
            "onBehalfOfContentOwner": {
              "type": "string",
              "location": "query",
              "description": "The content owner's external ID on which behalf the user is acting on. If\nnot set, the user is acting for himself (his own channel)."
            }
          }
        }
      },
      "resources": {
        "reports": {
          "methods": {
            "list": {
              "parameters": {
                "startTimeBefore": {
                  "description": "If set, only reports whose start time is smaller than the specified\ndate/time are returned.",
                  "format": "google-datetime",
                  "type": "string",
                  "location": "query"
                },
                "jobId": {
                  "required": true,
                  "type": "string",
                  "location": "path",
                  "description": "The ID of the job."
                },
                "createdAfter": {
                  "location": "query",
                  "description": "If set, only reports created after the specified date/time are returned.",
                  "format": "google-datetime",
                  "type": "string"
                },
                "pageToken": {
                  "description": "A token identifying a page of results the server should return. Typically,\nthis is the value of\nListReportsResponse.next_page_token\nreturned in response to the previous call to the `ListReports` method.",
                  "type": "string",
                  "location": "query"
                },
                "startTimeAtOrAfter": {
                  "location": "query",
                  "description": "If set, only reports whose start time is greater than or equal the\nspecified date/time are returned.",
                  "format": "google-datetime",
                  "type": "string"
                },
                "pageSize": {
                  "location": "query",
                  "description": "Requested page size. Server may return fewer report types than requested.\nIf unspecified, server will pick an appropriate default.",
                  "format": "int32",
                  "type": "integer"
                },
                "onBehalfOfContentOwner": {
                  "location": "query",
                  "description": "The content owner's external ID on which behalf the user is acting on. If\nnot set, the user is acting for himself (his own channel).",
                  "type": "string"
                }
              },
              "scopes": [
                "https://www.googleapis.com/auth/yt-analytics-monetary.readonly",
                "https://www.googleapis.com/auth/yt-analytics.readonly"
              ],
              "flatPath": "v1/jobs/{jobId}/reports",
              "id": "youtubereporting.jobs.reports.list",
              "path": "v1/jobs/{jobId}/reports",
              "description": "Lists reports created by a specific job.\nReturns NOT_FOUND if the job does not exist.",
              "httpMethod": "GET",
              "response": {
                "$ref": "ListReportsResponse"
              },
              "parameterOrder": [
                "jobId"
              ]
            },
            "get": {
              "response": {
                "$ref": "Report"
              },
              "parameterOrder": [
                "jobId",
                "reportId"
              ],
              "httpMethod": "GET",
              "scopes": [
                "https://www.googleapis.com/auth/yt-analytics-monetary.readonly",
                "https://www.googleapis.com/auth/yt-analytics.readonly"
              ],
              "parameters": {
                "jobId": {
                  "location": "path",
                  "description": "The ID of the job.",
                  "required": true,
                  "type": "string"
                },
                "onBehalfOfContentOwner": {
                  "description": "The content owner's external ID on which behalf the user is acting on. If\nnot set, the user is acting for himself (his own channel).",
                  "type": "string",
                  "location": "query"
                },
                "reportId": {
                  "description": "The ID of the report to retrieve.",
                  "required": true,
                  "type": "string",
                  "location": "path"
                }
              },
              "flatPath": "v1/jobs/{jobId}/reports/{reportId}",
              "path": "v1/jobs/{jobId}/reports/{reportId}",
              "id": "youtubereporting.jobs.reports.get",
              "description": "Gets the metadata of a specific report."
            }
          }
        }
      }
    },
    "reportTypes": {
      "methods": {
        "list": {
          "scopes": [
            "https://www.googleapis.com/auth/yt-analytics-monetary.readonly",
            "https://www.googleapis.com/auth/yt-analytics.readonly"
          ],
          "parameters": {
            "onBehalfOfContentOwner": {
              "description": "The content owner's external ID on which behalf the user is acting on. If\nnot set, the user is acting for himself (his own channel).",
              "type": "string",
              "location": "query"
            },
            "pageToken": {
              "location": "query",
              "description": "A token identifying a page of results the server should return. Typically,\nthis is the value of\nListReportTypesResponse.next_page_token\nreturned in response to the previous call to the `ListReportTypes` method.",
              "type": "string"
            },
            "includeSystemManaged": {
              "location": "query",
              "description": "If set to true, also system-managed report types will be returned;\notherwise only the report types that can be used to create new reporting\njobs will be returned.",
              "type": "boolean"
            },
            "pageSize": {
              "type": "integer",
              "location": "query",
              "description": "Requested page size. Server may return fewer report types than requested.\nIf unspecified, server will pick an appropriate default.",
              "format": "int32"
            }
          },
          "flatPath": "v1/reportTypes",
          "path": "v1/reportTypes",
          "id": "youtubereporting.reportTypes.list",
          "description": "Lists report types.",
          "response": {
            "$ref": "ListReportTypesResponse"
          },
          "parameterOrder": [],
          "httpMethod": "GET"
        }
      }
    }
  },
  "parameters": {
    "callback": {
      "type": "string",
      "location": "query",
      "description": "JSONP"
    },
    "oauth_token": {
      "type": "string",
      "location": "query",
      "description": "OAuth 2.0 token for the current user."
    },
    "$.xgafv": {
      "description": "V1 error format.",
      "type": "string",
      "enumDescriptions": [
        "v1 error format",
        "v2 error format"
      ],
      "location": "query",
      "enum": [
        "1",
        "2"
      ]
    },
    "alt": {
      "enum": [
        "json",
        "media",
        "proto"
      ],
      "type": "string",
      "enumDescriptions": [
        "Responses with Content-Type of application/json",
        "Media download with context-dependent Content-Type",
        "Responses with Content-Type of application/x-protobuf"
      ],
      "location": "query",
      "description": "Data format for response.",
      "default": "json"
    },
    "access_token": {
      "description": "OAuth access token.",
      "type": "string",
      "location": "query"
    },
    "key": {
      "location": "query",
      "description": "API key. Your API key identifies your project and provides you with API access, quota, and reports. Required unless you provide an OAuth 2.0 token.",
      "type": "string"
    },
    "upload_protocol": {
      "type": "string",
      "location": "query",
      "description": "Upload protocol for media (e.g. \"raw\", \"multipart\")."
    },
    "prettyPrint": {
      "description": "Returns response with indentations and line breaks.",
      "type": "boolean",
      "default": "true",
      "location": "query"
    },
    "quotaUser": {
      "location": "query",
      "description": "Available to use for quota purposes for server-side applications. Can be any arbitrary string assigned to a user, but should not exceed 40 characters.",
      "type": "string"
    },
    "fields": {
      "description": "Selector specifying which fields to include in a partial response.",
      "type": "string",
      "location": "query"
    },
    "uploadType": {
      "description": "Legacy upload protocol for media (e.g. \"media\", \"multipart\").",
      "type": "string",
      "location": "query"
    }
  },
  "schemas": {
    "Job": {
      "description": "A job creating reports of a specific type.",
      "type": "object",
      "properties": {
        "reportTypeId": {
          "description": "The type of reports this job creates. Corresponds to the ID of a\nReportType.",
          "type": "string"
        },
        "expireTime": {
          "description": "The date/time when this job will expire/expired. After a job expired, no\nnew reports are generated.",
          "format": "google-datetime",
          "type": "string"
        },
        "name": {
          "description": "The name of the job (max. 100 characters).",
          "type": "string"
        },
        "id": {
          "description": "The server-generated ID of the job (max. 40 characters).",
          "type": "string"
        },
        "systemManaged": {
          "description": "True if this a system-managed job that cannot be modified by the user;\notherwise false.",
          "type": "boolean"
        },
        "createTime": {
          "description": "The creation date/time of the job.",
          "format": "google-datetime",
          "type": "string"
        }
      },
      "id": "Job"
    },
    "GdataObjectId": {
      "description": "gdata",
      "type": "object",
      "properties": {
        "generation": {
          "description": "gdata",
          "format": "int64",
          "type": "string"
        },
        "objectName": {
          "description": "gdata",
          "type": "string"
        },
        "bucketName": {
          "description": "gdata",
          "type": "string"
        }
      },
      "id": "GdataObjectId"
    },
    "GdataMedia": {
      "type": "object",
      "properties": {
        "inline": {
          "description": "gdata",
          "format": "byte",
          "type": "string"
        },
        "diffUploadRequest": {
          "$ref": "GdataDiffUploadRequest",
          "description": "gdata"
        },
        "diffChecksumsResponse": {
          "description": "gdata",
          "$ref": "GdataDiffChecksumsResponse"
        },
        "sha1Hash": {
          "description": "gdata",
          "format": "byte",
          "type": "string"
        },
        "crc32cHash": {
          "description": "gdata",
          "format": "uint32",
          "type": "integer"
        },
        "length": {
          "description": "gdata",
          "format": "int64",
          "type": "string"
        },
        "contentTypeInfo": {
          "$ref": "GdataContentTypeInfo",
          "description": "gdata"
        },
        "contentType": {
          "description": "gdata",
          "type": "string"
        },
        "downloadParameters": {
          "$ref": "GdataDownloadParameters",
          "description": "gdata"
        },
        "mediaId": {
          "type": "string",
          "description": "gdata",
          "format": "byte"
        },
        "compositeMedia": {
          "description": "gdata",
          "type": "array",
          "items": {
            "$ref": "GdataCompositeMedia"
          }
        },
        "blobRef": {
          "description": "gdata",
          "format": "byte",
          "type": "string"
        },
        "diffUploadResponse": {
          "description": "gdata",
          "$ref": "GdataDiffUploadResponse"
        },
        "diffVersionResponse": {
          "$ref": "GdataDiffVersionResponse",
          "description": "gdata"
        },
        "timestamp": {
          "description": "gdata",
          "format": "uint64",
          "type": "string"
        },
        "token": {
          "description": "gdata",
          "type": "string"
        },
        "hash": {
          "description": "gdata",
          "type": "string"
        },
        "blobstore2Info": {
          "$ref": "GdataBlobstore2Info",
          "description": "gdata"
        },
        "filename": {
          "description": "gdata",
          "type": "string"
        },
        "hashVerified": {
          "description": "gdata",
          "type": "boolean"
        },
        "diffDownloadResponse": {
          "$ref": "GdataDiffDownloadResponse",
          "description": "gdata"
        },
        "cosmoBinaryReference": {
          "description": "gdata",
          "format": "byte",
          "type": "string"
        },
        "isPotentialRetry": {
          "description": "gdata",
          "type": "boolean"
        },
        "md5Hash": {
          "description": "gdata",
          "format": "byte",
          "type": "string"
        },
        "sha256Hash": {
          "description": "gdata",
          "format": "byte",
          "type": "string"
        },
        "algorithm": {
          "description": "gdata",
          "type": "string"
        },
        "objectId": {
          "description": "gdata",
          "$ref": "GdataObjectId"
        },
        "path": {
          "description": "gdata",
          "type": "string"
        },
        "bigstoreObjectRef": {
          "description": "gdata",
          "format": "byte",
          "type": "string"
        },
        "referenceType": {
          "enumDescriptions": [
            "gdata",
            "gdata",
            "gdata",
            "gdata",
            "gdata",
            "gdata",
            "gdata",
            "gdata",
            "gdata",
            "gdata",
            "gdata",
            "gdata",
            "gdata"
          ],
          "enum": [
            "PATH",
            "BLOB_REF",
            "INLINE",
            "GET_MEDIA",
            "COMPOSITE_MEDIA",
            "BIGSTORE_REF",
            "DIFF_VERSION_RESPONSE",
            "DIFF_CHECKSUMS_RESPONSE",
            "DIFF_DOWNLOAD_RESPONSE",
            "DIFF_UPLOAD_REQUEST",
            "DIFF_UPLOAD_RESPONSE",
            "COSMO_BINARY_REFERENCE",
            "ARBITRARY_BYTES"
          ],
          "description": "gdata",
          "type": "string"
        }
      },
      "id": "GdataMedia",
      "description": "gdata"
    },
    "GdataDiffVersionResponse": {
      "id": "GdataDiffVersionResponse",
      "description": "gdata",
      "type": "object",
      "properties": {
        "objectSizeBytes": {
          "description": "gdata",
          "format": "int64",
          "type": "string"
        },
        "objectVersion": {
          "description": "gdata",
          "type": "string"
        }
      }
    },
    "GdataDiffDownloadResponse": {
      "description": "gdata",
      "type": "object",
      "properties": {
        "objectLocation": {
          "description": "gdata",
          "$ref": "GdataCompositeMedia"
        }
      },
      "id": "GdataDiffDownloadResponse"
    },
    "GdataDiffUploadRequest": {
      "id": "GdataDiffUploadRequest",
      "description": "gdata",
      "type": "object",
      "properties": {
        "checksumsInfo": {
          "$ref": "GdataCompositeMedia",
          "description": "gdata"
        },
        "objectVersion": {
          "description": "gdata",
          "type": "string"
        },
        "objectInfo": {
          "$ref": "GdataCompositeMedia",
          "description": "gdata"
        }
      }
    },
    "GdataBlobstore2Info": {
      "description": "gdata",
      "type": "object",
      "properties": {
        "blobId": {
          "description": "gdata",
          "type": "string"
        },
        "downloadReadHandle": {
          "description": "gdata",
          "format": "byte",
          "type": "string"
        },
        "readToken": {
          "description": "gdata",
          "type": "string"
        },
        "uploadMetadataContainer": {
          "description": "gdata",
          "format": "byte",
          "type": "string"
        },
        "blobGeneration": {
          "type": "string",
          "description": "gdata",
          "format": "int64"
        }
      },
      "id": "GdataBlobstore2Info"
    },
    "Empty": {
      "type": "object",
      "properties": {},
      "id": "Empty",
      "description": "A generic empty message that you can re-use to avoid defining duplicated\nempty messages in your APIs. A typical example is to use it as the request\nor the response type of an API method. For instance:\n\n    service Foo {\n      rpc Bar(google.protobuf.Empty) returns (google.protobuf.Empty);\n    }\n\nThe JSON representation for `Empty` is empty JSON object `{}`."
    },
    "ReportType": {
      "id": "ReportType",
      "description": "A report type.",
      "type": "object",
      "properties": {
        "deprecateTime": {
          "description": "The date/time when this report type was/will be deprecated.",
          "format": "google-datetime",
          "type": "string"
        },
        "name": {
          "description": "The name of the report type (max. 100 characters).",
          "type": "string"
        },
        "id": {
          "type": "string",
          "description": "The ID of the report type (max. 100 characters)."
        },
        "systemManaged": {
          "type": "boolean",
          "description": "True if this a system-managed report type; otherwise false. Reporting jobs\nfor system-managed report types are created automatically and can thus not\nbe used in the `CreateJob` method."
        }
      }
    },
    "ListReportTypesResponse": {
      "description": "Response message for ReportingService.ListReportTypes.",
      "type": "object",
      "properties": {
        "nextPageToken": {
          "description": "A token to retrieve next page of results.\nPass this value in the\nListReportTypesRequest.page_token\nfield in the subsequent call to `ListReportTypes` method to retrieve the\nnext page of results.",
          "type": "string"
        },
        "reportTypes": {
          "description": "The list of report types.",
          "type": "array",
          "items": {
            "$ref": "ReportType"
          }
        }
      },
      "id": "ListReportTypesResponse"
    },
    "ListJobsResponse": {
      "type": "object",
      "properties": {
        "nextPageToken": {
          "description": "A token to retrieve next page of results.\nPass this value in the\nListJobsRequest.page_token\nfield in the subsequent call to `ListJobs` method to retrieve the next\npage of results.",
          "type": "string"
        },
        "jobs": {
          "description": "The list of jobs.",
          "type": "array",
          "items": {
            "$ref": "Job"
          }
        }
      },
      "id": "ListJobsResponse",
      "description": "Response message for ReportingService.ListJobs."
    },
    "GdataCompositeMedia": {
      "type": "object",
      "properties": {
        "md5Hash": {
          "description": "gdata",
          "format": "byte",
          "type": "string"
        },
        "inline": {
          "description": "gdata",
          "format": "byte",
          "type": "string"
        },
        "blobstore2Info": {
          "$ref": "GdataBlobstore2Info",
          "description": "gdata"
        },
        "blobRef": {
          "description": "gdata",
          "format": "byte",
          "type": "string"
        },
        "objectId": {
          "$ref": "GdataObjectId",
          "description": "gdata"
        },
        "crc32cHash": {
          "description": "gdata",
          "format": "uint32",
          "type": "integer"
        },
        "sha1Hash": {
          "description": "gdata",
          "format": "byte",
          "type": "string"
        },
        "path": {
          "description": "gdata",
          "type": "string"
        },
        "length": {
          "description": "gdata",
          "format": "int64",
          "type": "string"
        },
        "cosmoBinaryReference": {
          "description": "gdata",
          "format": "byte",
          "type": "string"
        },
        "referenceType": {
          "description": "gdata",
          "type": "string",
          "enumDescriptions": [
            "gdata",
            "gdata",
            "gdata",
            "gdata",
            "gdata"
          ],
          "enum": [
            "PATH",
            "BLOB_REF",
            "INLINE",
            "BIGSTORE_REF",
            "COSMO_BINARY_REFERENCE"
          ]
        }
      },
      "id": "GdataCompositeMedia",
      "description": "gdata"
    },
    "ListReportsResponse": {
      "type": "object",
      "properties": {
        "reports": {
          "description": "The list of report types.",
          "type": "array",
          "items": {
            "$ref": "Report"
          }
        },
        "nextPageToken": {
          "description": "A token to retrieve next page of results.\nPass this value in the\nListReportsRequest.page_token\nfield in the subsequent call to `ListReports` method to retrieve the next\npage of results.",
          "type": "string"
        }
      },
      "id": "ListReportsResponse",
      "description": "Response message for ReportingService.ListReports."
    },
    "GdataContentTypeInfo": {
      "description": "gdata",
      "type": "object",
      "properties": {
        "fromBytes": {
          "description": "gdata",
          "type": "string"
        },
        "fromFileName": {
          "type": "string",
          "description": "gdata"
        },
        "bestGuess": {
          "type": "string",
          "description": "gdata"
        },
        "fromUrlPath": {
          "description": "gdata",
          "type": "string"
        },
        "fromHeader": {
          "description": "gdata",
          "type": "string"
        }
      },
      "id": "GdataContentTypeInfo"
    },
    "GdataDiffUploadResponse": {
      "description": "gdata",
      "type": "object",
      "properties": {
        "originalObject": {
          "$ref": "GdataCompositeMedia",
          "description": "gdata"
        },
        "objectVersion": {
          "description": "gdata",
          "type": "string"
        }
      },
      "id": "GdataDiffUploadResponse"
    },
    "Report": {
      "id": "Report",
      "description": "A report's metadata including the URL from which the report itself can be\ndownloaded.",
      "type": "object",
      "properties": {
        "id": {
          "type": "string",
          "description": "The server-generated ID of the report."
        },
        "jobExpireTime": {
          "description": "The date/time when the job this report belongs to will expire/expired.",
          "format": "google-datetime",
          "type": "string"
        },
        "endTime": {
          "description": "The end of the time period that the report instance covers. The value is\nexclusive.",
          "format": "google-datetime",
          "type": "string"
        },
        "downloadUrl": {
          "type": "string",
          "description": "The URL from which the report can be downloaded (max. 1000 characters)."
        },
        "startTime": {
          "description": "The start of the time period that the report instance covers. The value is\ninclusive.",
          "format": "google-datetime",
          "type": "string"
        },
        "createTime": {
          "description": "The date/time when this report was created.",
          "format": "google-datetime",
          "type": "string"
        },
        "jobId": {
          "description": "The ID of the job that created this report.",
          "type": "string"
        }
      }
    },
    "GdataDiffChecksumsResponse": {
      "description": "gdata",
      "type": "object",
      "properties": {
        "objectSizeBytes": {
          "description": "gdata",
          "format": "int64",
          "type": "string"
        },
        "objectLocation": {
          "description": "gdata",
          "$ref": "GdataCompositeMedia"
        },
        "objectVersion": {
          "description": "gdata",
          "type": "string"
        },
        "chunkSizeBytes": {
          "description": "gdata",
          "format": "int64",
          "type": "string"
        },
        "checksumsLocation": {
          "description": "gdata",
          "$ref": "GdataCompositeMedia"
        }
      },
      "id": "GdataDiffChecksumsResponse"
    },
    "GdataDownloadParameters": {
      "type": "object",
      "properties": {
        "ignoreRange": {
          "description": "gdata",
          "type": "boolean"
        },
        "allowGzipCompression": {
          "description": "gdata",
          "type": "boolean"
        }
      },
      "id": "GdataDownloadParameters",
      "description": "gdata"
    }
  },
  "protocol": "rest",
  "icons": {
    "x16": "http://www.google.com/images/icons/product/search-16.gif",
    "x32": "http://www.google.com/images/icons/product/search-32.gif"
  },
  "version": "v1",
  "baseUrl": "https://youtubereporting.googleapis.com/",
  "canonicalName": "YouTube Reporting",
  "auth": {
    "oauth2": {
      "scopes": {
        "https://www.googleapis.com/auth/yt-analytics-monetary.readonly": {
          "description": "View monetary and non-monetary YouTube Analytics reports for your YouTube content"
        },
        "https://www.googleapis.com/auth/yt-analytics.readonly": {
          "description": "View YouTube Analytics reports for your YouTube content"
        }
      }
    }
  },
  "kind": "discovery#restDescription",
  "description": "Schedules reporting jobs containing your YouTube Analytics data and downloads the resulting bulk data reports in the form of CSV files.",
  "servicePath": "",
  "rootUrl": "https://youtubereporting.googleapis.com/",
  "basePath": "",
  "ownerDomain": "google.com",
  "name": "youtubereporting",
  "batchPath": "batch",
  "revision": "20190717",
  "documentationLink": "https://developers.google.com/youtube/reporting/v1/reports/",
  "id": "youtubereporting:v1",
  "title": "YouTube Reporting API",
  "ownerName": "Google",
  "discoveryVersion": "v1"
}
