{
  "discoveryVersion": "v1",
  "version_module": true,
  "schemas": {
    "Group": {
      "id": "Group",
      "description": "A group.",
      "type": "object",
      "properties": {
        "kind": {
          "type": "string",
          "description": "Identifies the API resource's type. The value will be `youtube#group`."
        },
        "etag": {
          "description": "The Etag of this resource.",
          "type": "string"
        },
        "id": {
          "description": "The ID that YouTube uses to uniquely identify the group.",
          "type": "string"
        },
        "snippet": {
          "$ref": "GroupSnippet",
          "description": "The `snippet` object contains basic information about the group, including\nits creation date and name."
        },
        "contentDetails": {
          "description": "The `contentDetails` object contains additional information about the\ngroup, such as the number and type of items that it contains.",
          "$ref": "GroupContentDetails"
        },
        "errors": {
          "description": "Apiary error details",
          "$ref": "Errors"
        }
      }
    },
    "GroupItemResource": {
      "type": "object",
      "properties": {
        "id": {
          "type": "string",
          "description": "The channel, video, playlist, or asset ID that YouTube uses to uniquely\nidentify the item that is being added to the group."
        },
        "kind": {
          "type": "string",
          "description": "Identifies the type of resource being added to the group.\n\nValid values for this property are:\n * `youtube#channel`\n * `youtube#playlist`\n * `youtube#video`\n * `youtubePartner#asset`"
        }
      },
      "id": "GroupItemResource"
    },
    "EmptyResponse": {
      "description": "Empty response.",
      "type": "object",
      "properties": {
        "errors": {
          "$ref": "Errors",
          "description": "Apiary error details"
        }
      },
      "id": "EmptyResponse"
    },
    "ErrorProto": {
      "description": "Describes one specific error.",
      "type": "object",
      "properties": {
        "location": {
          "type": "string",
          "description": "Location of the error, as specified by the location type.\n\nIf location_type is PATH, this should be a path to a field that's\nrelative to the request, using FieldPath notation\n(net/proto2/util/public/field_path.h).\n\nExamples:\n  authenticated_user.gaia_id\n  resource.address[2].country"
        },
        "debugInfo": {
          "description": "Debugging information, which should not be\nshared externally.",
          "type": "string"
        },
        "code": {
          "description": "Error code in the error domain. This should correspond to\na value of the enum type whose name is in domain. See\nthe core error domain in error_domain.proto.",
          "type": "string"
        },
        "locationType": {
          "type": "string",
          "enumDescriptions": [
            "location is an xpath-like path pointing\nto the request field that caused the error.",
            "other location type which can safely be shared\nexternally.",
            "Location is request paramater. This maps to the {@link PARAMETERS} in\n{@link MessageLocation}."
          ],
          "enum": [
            "PATH",
            "OTHER",
            "PARAMETER"
          ]
        },
        "argument": {
          "type": "array",
          "items": {
            "type": "string"
          },
          "description": "Error arguments, to be used when building user-friendly error messages\ngiven the error domain and code.  Different error codes require different\narguments."
        },
        "externalErrorMessage": {
          "description": "A short explanation for the error, which can be shared outside Google.\n\nPlease set domain, code and arguments whenever possible instead of this\nerror message so that external APIs can build safe error messages\nthemselves.\n\nExternal messages built in a RoSy interface will most likely refer to\ninformation and concepts that are not available externally and should not\nbe exposed. It is safer if external APIs can understand the errors and\ndecide what the error message should look like.",
          "type": "string"
        },
        "domain": {
          "type": "string",
          "description": "Error domain. RoSy services can define their own\ndomain and error codes. This should normally be\nthe name of an enum type, such as: gdata.CoreErrorDomain"
        }
      },
      "id": "ErrorProto"
    },
    "GroupSnippet": {
      "type": "object",
      "properties": {
        "publishedAt": {
          "description": "The date and time that the group was created. The value is specified in\nISO 8601 (YYYY-MM-DDThh:mm:ss.sZ) format.",
          "format": "google-datetime",
          "type": "string"
        },
        "title": {
          "description": "The group name. The value must be a non-empty string.",
          "type": "string"
        }
      },
      "id": "GroupSnippet",
      "description": "A group snippet."
    },
    "ResultTableColumnHeader": {
      "description": "The description of a column of the result table.",
      "type": "object",
      "properties": {
        "name": {
          "description": "The name of the dimension or metric.",
          "type": "string"
        },
        "columnType": {
          "description": "The type of the column (`DIMENSION` or `METRIC`).",
          "type": "string"
        },
        "dataType": {
          "description": "The type of the data in the column (`STRING`, `INTEGER`, `FLOAT`, etc.).",
          "type": "string"
        }
      },
      "id": "ResultTableColumnHeader"
    },
    "ListGroupItemsResponse": {
      "type": "object",
      "properties": {
        "errors": {
          "description": "Apiary error details",
          "$ref": "Errors"
        },
        "kind": {
          "type": "string",
          "description": "Identifies the API resource's type. The value will be\n`youtube#groupItemListResponse`."
        },
        "items": {
          "description": "A list of groups that match the API request parameters. Each item in the\nlist represents a `groupItem` resource.",
          "type": "array",
          "items": {
            "$ref": "GroupItem"
          }
        },
        "etag": {
          "description": "The Etag of this resource.",
          "type": "string"
        }
      },
      "id": "ListGroupItemsResponse",
      "description": "Response message for GroupsService.ListGroupItems."
    },
    "Errors": {
      "id": "Errors",
      "description": "Request Error information.\n\nThe presence of an error field signals that the operation\nhas failed.",
      "type": "object",
      "properties": {
        "error": {
          "type": "array",
          "items": {
            "$ref": "ErrorProto"
          },
          "description": "Specific error description and codes"
        },
        "code": {
          "type": "string",
          "enumDescriptions": [
            "",
            "",
            "",
            "",
            "",
            "",
            "",
            ""
          ],
          "enum": [
            "BAD_REQUEST",
            "FORBIDDEN",
            "NOT_FOUND",
            "CONFLICT",
            "GONE",
            "PRECONDITION_FAILED",
            "INTERNAL_ERROR",
            "SERVICE_UNAVAILABLE"
          ],
          "description": "Global error code. Deprecated and ignored.\nSet custom error codes in ErrorProto.domain and ErrorProto.code\ninstead."
        },
        "requestId": {
          "description": "Request identifier generated by the service, which can be\nused to identify the error in the logs",
          "type": "string"
        }
      }
    },
    "GroupItem": {
      "type": "object",
      "properties": {
        "resource": {
          "$ref": "GroupItemResource",
          "description": "The `resource` object contains information that identifies the item being\nadded to the group."
        },
        "id": {
          "description": "The ID that YouTube uses to uniquely identify the `channel`, `video`,\n`playlist`, or `asset` resource that is included in the group. Note that\nthis ID refers specifically to the inclusion of that resource in a\nparticular group and is different than the channel ID, video ID,\nplaylist ID, or asset ID that uniquely identifies the resource itself.\nThe `resource.id` property's value specifies the unique channel, video,\nplaylist, or asset ID.",
          "type": "string"
        },
        "groupId": {
          "description": "The ID that YouTube uses to uniquely identify the group that contains the\nitem.",
          "type": "string"
        },
        "errors": {
          "description": "Apiary error details",
          "$ref": "Errors"
        },
        "kind": {
          "type": "string",
          "description": "Identifies the API resource's type. The value will be `youtube#groupItem`."
        },
        "etag": {
          "description": "The Etag of this resource.",
          "type": "string"
        }
      },
      "id": "GroupItem",
      "description": "A group item."
    },
    "ListGroupsResponse": {
      "description": "Response message for GroupsService.ListGroups.",
      "type": "object",
      "properties": {
        "kind": {
          "type": "string",
          "description": "Identifies the API resource's type. The value will be\n`youtube#groupListResponse`."
        },
        "items": {
          "description": "A list of groups that match the API request parameters. Each item in the\nlist represents a `group` resource.",
          "type": "array",
          "items": {
            "$ref": "Group"
          }
        },
        "etag": {
          "type": "string",
          "description": "The Etag of this resource."
        },
        "nextPageToken": {
          "type": "string",
          "description": "The token that can be used as the value of the `pageToken` parameter to\nretrieve the next page in the result set."
        },
        "errors": {
          "description": "Apiary error details",
          "$ref": "Errors"
        }
      },
      "id": "ListGroupsResponse"
    },
    "GroupContentDetails": {
      "description": "A group's content details.",
      "type": "object",
      "properties": {
        "itemCount": {
          "description": "The number of items in the group.",
          "format": "uint64",
          "type": "string"
        },
        "itemType": {
          "type": "string",
          "description": "The type of resources that the group contains.\n\nValid values for this property are:\n * `youtube#channel`\n * `youtube#playlist`\n * `youtube#video`\n * `youtubePartner#asset`"
        }
      },
      "id": "GroupContentDetails"
    },
    "QueryResponse": {
      "description": "Response message for TargetedQueriesService.Query.",
      "type": "object",
      "properties": {
        "columnHeaders": {
          "type": "array",
          "items": {
            "$ref": "ResultTableColumnHeader"
          },
          "description": "This value specifies information about the data returned in the `rows`\nfields. Each item in the `columnHeaders` list identifies a field returned\nin the `rows` value, which contains a list of comma-delimited data. The\n`columnHeaders` list will begin with the dimensions specified in the API\nrequest, which will be followed by the metrics specified in the API\nrequest. The order of both dimensions and metrics will match the ordering\nin the API request. For example, if the API request contains the parameters\n`dimensions=ageGroup,gender&metrics=viewerPercentage`, the API response\nwill return columns in this order: `ageGroup`, `gender`,\n`viewerPercentage`."
        },
        "rows": {
          "type": "array",
          "items": {
            "type": "array",
            "items": {
              "type": "any"
            }
          },
          "description": "The list contains all rows of the result table. Each item in the list is\nan array that contains comma-delimited data corresponding to a single row\nof data. The order of the comma-delimited data fields will match the\norder of the columns listed in the `columnHeaders` field.\n\nIf no data is available for the given query, the `rows` element will be\nomitted from the response.\n\nThe response for a query with the `day` dimension will not contain rows for\nthe most recent days."
        },
        "errors": {
          "$ref": "Errors",
          "description": "When set, indicates that the operation failed."
        },
        "kind": {
          "description": "This value specifies the type of data included in the API response.\nFor the query method, the kind property value will be\n`youtubeAnalytics#resultTable`.",
          "type": "string"
        }
      },
      "id": "QueryResponse"
    }
  },
  "protocol": "rest",
  "icons": {
    "x32": "http://www.google.com/images/icons/product/search-32.gif",
    "x16": "http://www.google.com/images/icons/product/search-16.gif"
  },
  "canonicalName": "YouTube Analytics",
  "auth": {
    "oauth2": {
      "scopes": {
        "https://www.googleapis.com/auth/youtube": {
          "description": "Manage your YouTube account"
        },
        "https://www.googleapis.com/auth/yt-analytics-monetary.readonly": {
          "description": "View monetary and non-monetary YouTube Analytics reports for your YouTube content"
        },
        "https://www.googleapis.com/auth/youtubepartner": {
          "description": "View and manage your assets and associated content on YouTube"
        },
        "https://www.googleapis.com/auth/youtube.readonly": {
          "description": "View your YouTube account"
        },
        "https://www.googleapis.com/auth/yt-analytics.readonly": {
          "description": "View YouTube Analytics reports for your YouTube content"
        }
      }
    }
  },
  "rootUrl": "https://youtubeanalytics.googleapis.com/",
  "ownerDomain": "google.com",
  "name": "youtubeAnalytics",
  "batchPath": "batch",
  "fullyEncodeReservedExpansion": true,
  "title": "YouTube Analytics API",
  "ownerName": "Google",
  "resources": {
    "groupItems": {
      "methods": {
        "delete": {
          "flatPath": "v2/groupItems",
          "path": "v2/groupItems",
          "id": "youtubeAnalytics.groupItems.delete",
          "description": "Removes an item from a group.",
          "response": {
            "$ref": "EmptyResponse"
          },
          "parameterOrder": [],
          "httpMethod": "DELETE",
          "scopes": [
            "https://www.googleapis.com/auth/youtube",
            "https://www.googleapis.com/auth/youtube.readonly",
            "https://www.googleapis.com/auth/youtubepartner",
            "https://www.googleapis.com/auth/yt-analytics-monetary.readonly",
            "https://www.googleapis.com/auth/yt-analytics.readonly"
          ],
          "parameters": {
            "onBehalfOfContentOwner": {
              "location": "query",
              "description": "This parameter can only be used in a properly authorized request. **Note:**\nThis parameter is intended exclusively for YouTube content partners that\nown and manage many different YouTube channels.\n\nThe `onBehalfOfContentOwner` parameter indicates that the request's\nauthorization credentials identify a YouTube user who is acting on behalf\nof the content owner specified in the parameter value. It allows content\nowners to authenticate once and get access to all their video and channel\ndata, without having to provide authentication credentials for each\nindividual channel. The account that the user authenticates with must be\nlinked to the specified YouTube content owner.",
              "type": "string"
            },
            "id": {
              "type": "string",
              "location": "query",
              "description": "The `id` parameter specifies the YouTube group item ID of the group item\nthat is being deleted."
            }
          }
        },
        "insert": {
          "path": "v2/groupItems",
          "id": "youtubeAnalytics.groupItems.insert",
          "description": "Creates a group item.",
          "request": {
            "$ref": "GroupItem"
          },
          "response": {
            "$ref": "GroupItem"
          },
          "parameterOrder": [],
          "httpMethod": "POST",
          "parameters": {
            "onBehalfOfContentOwner": {
              "description": "This parameter can only be used in a properly authorized request. **Note:**\nThis parameter is intended exclusively for YouTube content partners that\nown and manage many different YouTube channels.\n\nThe `onBehalfOfContentOwner` parameter indicates that the request's\nauthorization credentials identify a YouTube user who is acting on behalf\nof the content owner specified in the parameter value. It allows content\nowners to authenticate once and get access to all their video and channel\ndata, without having to provide authentication credentials for each\nindividual channel. The account that the user authenticates with must be\nlinked to the specified YouTube content owner.",
              "type": "string",
              "location": "query"
            }
          },
          "scopes": [
            "https://www.googleapis.com/auth/youtube",
            "https://www.googleapis.com/auth/youtube.readonly",
            "https://www.googleapis.com/auth/youtubepartner",
            "https://www.googleapis.com/auth/yt-analytics-monetary.readonly",
            "https://www.googleapis.com/auth/yt-analytics.readonly"
          ],
          "flatPath": "v2/groupItems"
        },
        "list": {
          "httpMethod": "GET",
          "parameterOrder": [],
          "response": {
            "$ref": "ListGroupItemsResponse"
          },
          "scopes": [
            "https://www.googleapis.com/auth/youtube",
            "https://www.googleapis.com/auth/youtube.readonly",
            "https://www.googleapis.com/auth/youtubepartner",
            "https://www.googleapis.com/auth/yt-analytics-monetary.readonly",
            "https://www.googleapis.com/auth/yt-analytics.readonly"
          ],
          "parameters": {
            "onBehalfOfContentOwner": {
              "type": "string",
              "location": "query",
              "description": "This parameter can only be used in a properly authorized request. **Note:**\nThis parameter is intended exclusively for YouTube content partners that\nown and manage many different YouTube channels.\n\nThe `onBehalfOfContentOwner` parameter indicates that the request's\nauthorization credentials identify a YouTube user who is acting on behalf\nof the content owner specified in the parameter value. It allows content\nowners to authenticate once and get access to all their video and channel\ndata, without having to provide authentication credentials for each\nindividual channel. The account that the user authenticates with must be\nlinked to the specified YouTube content owner."
            },
            "groupId": {
              "location": "query",
              "description": "The `groupId` parameter specifies the unique ID of the group for which you\nwant to retrieve group items.",
              "type": "string"
            }
          },
          "flatPath": "v2/groupItems",
          "id": "youtubeAnalytics.groupItems.list",
          "path": "v2/groupItems",
          "description": "Returns a collection of group items that match the API request parameters."
        }
      }
    },
    "groups": {
      "methods": {
        "delete": {
          "response": {
            "$ref": "EmptyResponse"
          },
          "parameterOrder": [],
          "httpMethod": "DELETE",
          "parameters": {
            "onBehalfOfContentOwner": {
              "location": "query",
              "description": "This parameter can only be used in a properly authorized request. **Note:**\nThis parameter is intended exclusively for YouTube content partners that\nown and manage many different YouTube channels.\n\nThe `onBehalfOfContentOwner` parameter indicates that the request's\nauthorization credentials identify a YouTube user who is acting on behalf\nof the content owner specified in the parameter value. It allows content\nowners to authenticate once and get access to all their video and channel\ndata, without having to provide authentication credentials for each\nindividual channel. The account that the user authenticates with must be\nlinked to the specified YouTube content owner.",
              "type": "string"
            },
            "id": {
              "type": "string",
              "location": "query",
              "description": "The `id` parameter specifies the YouTube group ID of the group that is\nbeing deleted."
            }
          },
          "scopes": [
            "https://www.googleapis.com/auth/youtube",
            "https://www.googleapis.com/auth/youtube.readonly",
            "https://www.googleapis.com/auth/youtubepartner",
            "https://www.googleapis.com/auth/yt-analytics-monetary.readonly",
            "https://www.googleapis.com/auth/yt-analytics.readonly"
          ],
          "flatPath": "v2/groups",
          "path": "v2/groups",
          "id": "youtubeAnalytics.groups.delete",
          "description": "Deletes a group."
        },
        "insert": {
          "request": {
            "$ref": "Group"
          },
          "description": "Creates a group.",
          "response": {
            "$ref": "Group"
          },
          "parameterOrder": [],
          "httpMethod": "POST",
          "scopes": [
            "https://www.googleapis.com/auth/youtube",
            "https://www.googleapis.com/auth/youtube.readonly",
            "https://www.googleapis.com/auth/youtubepartner",
            "https://www.googleapis.com/auth/yt-analytics-monetary.readonly",
            "https://www.googleapis.com/auth/yt-analytics.readonly"
          ],
          "parameters": {
            "onBehalfOfContentOwner": {
              "location": "query",
              "description": "This parameter can only be used in a properly authorized request. **Note:**\nThis parameter is intended exclusively for YouTube content partners that\nown and manage many different YouTube channels.\n\nThe `onBehalfOfContentOwner` parameter indicates that the request's\nauthorization credentials identify a YouTube user who is acting on behalf\nof the content owner specified in the parameter value. It allows content\nowners to authenticate once and get access to all their video and channel\ndata, without having to provide authentication credentials for each\nindividual channel. The account that the user authenticates with must be\nlinked to the specified YouTube content owner.",
              "type": "string"
            }
          },
          "flatPath": "v2/groups",
          "path": "v2/groups",
          "id": "youtubeAnalytics.groups.insert"
        },
        "list": {
          "id": "youtubeAnalytics.groups.list",
          "path": "v2/groups",
          "description": "Returns a collection of groups that match the API request parameters. For\nexample, you can retrieve all groups that the authenticated user owns,\nor you can retrieve one or more groups by their unique IDs.",
          "httpMethod": "GET",
          "parameterOrder": [],
          "response": {
            "$ref": "ListGroupsResponse"
          },
          "scopes": [
            "https://www.googleapis.com/auth/youtube",
            "https://www.googleapis.com/auth/youtube.readonly",
            "https://www.googleapis.com/auth/youtubepartner",
            "https://www.googleapis.com/auth/yt-analytics-monetary.readonly",
            "https://www.googleapis.com/auth/yt-analytics.readonly"
          ],
          "parameters": {
            "pageToken": {
              "description": "The `pageToken` parameter identifies a specific page in the result set that\nshould be returned. In an API response, the `nextPageToken` property\nidentifies the next page that can be retrieved.",
              "type": "string",
              "location": "query"
            },
            "onBehalfOfContentOwner": {
              "description": "This parameter can only be used in a properly authorized request. **Note:**\nThis parameter is intended exclusively for YouTube content partners that\nown and manage many different YouTube channels.\n\nThe `onBehalfOfContentOwner` parameter indicates that the request's\nauthorization credentials identify a YouTube user who is acting on behalf\nof the content owner specified in the parameter value. It allows content\nowners to authenticate once and get access to all their video and channel\ndata, without having to provide authentication credentials for each\nindividual channel. The account that the user authenticates with must be\nlinked to the specified YouTube content owner.",
              "type": "string",
              "location": "query"
            },
            "id": {
              "description": "The `id` parameter specifies a comma-separated list of the YouTube group\nID(s) for the resource(s) that are being retrieved. Each group must be\nowned by the authenticated user. In a `group` resource, the `id` property\nspecifies the group's YouTube group ID.\n\nNote that if you do not specify a value for the `id` parameter, then you\nmust set the `mine` parameter to `true`.",
              "type": "string",
              "location": "query"
            },
            "mine": {
              "description": "This parameter can only be used in a properly authorized request. Set this\nparameter's value to true to retrieve all groups owned by the authenticated\nuser.",
              "type": "boolean",
              "location": "query"
            }
          },
          "flatPath": "v2/groups"
        },
        "update": {
          "path": "v2/groups",
          "id": "youtubeAnalytics.groups.update",
          "description": "Modifies a group. For example, you could change a group's title.",
          "request": {
            "$ref": "Group"
          },
          "response": {
            "$ref": "Group"
          },
          "parameterOrder": [],
          "httpMethod": "PUT",
          "parameters": {
            "onBehalfOfContentOwner": {
              "description": "This parameter can only be used in a properly authorized request. **Note:**\nThis parameter is intended exclusively for YouTube content partners that\nown and manage many different YouTube channels.\n\nThe `onBehalfOfContentOwner` parameter indicates that the request's\nauthorization credentials identify a YouTube user who is acting on behalf\nof the content owner specified in the parameter value. It allows content\nowners to authenticate once and get access to all their video and channel\ndata, without having to provide authentication credentials for each\nindividual channel. The account that the user authenticates with must be\nlinked to the specified YouTube content owner.",
              "type": "string",
              "location": "query"
            }
          },
          "scopes": [
            "https://www.googleapis.com/auth/youtube",
            "https://www.googleapis.com/auth/youtube.readonly",
            "https://www.googleapis.com/auth/youtubepartner",
            "https://www.googleapis.com/auth/yt-analytics-monetary.readonly",
            "https://www.googleapis.com/auth/yt-analytics.readonly"
          ],
          "flatPath": "v2/groups"
        }
      }
    },
    "reports": {
      "methods": {
        "query": {
          "id": "youtubeAnalytics.reports.query",
          "path": "v2/reports",
          "description": "Retrieve your YouTube Analytics reports.",
          "httpMethod": "GET",
          "response": {
            "$ref": "QueryResponse"
          },
          "parameterOrder": [],
          "parameters": {
            "metrics": {
              "location": "query",
              "description": "A comma-separated list of YouTube Analytics metrics, such as `views` or\n`likes,dislikes`. See the\n[Available Reports](/youtube/analytics/v2/available_reports)  document for\na list of the reports that you can retrieve and the metrics\navailable in each report, and see the\n[Metrics](/youtube/analytics/v2/dimsmets/mets) document for definitions of\nthose metrics.\nrequired: true, pattern: [0-9a-zA-Z,]+",
              "type": "string"
            },
            "includeHistoricalChannelData": {
              "location": "query",
              "description": "If set to true historical data (i.e. channel data from before the linking\nof the channel to the content owner) will be retrieved.\",",
              "type": "boolean"
            },
            "ids": {
              "type": "string",
              "location": "query",
              "description": "Identifies the YouTube channel or content owner for which you are\nretrieving YouTube Analytics data.\n\n- To request data for a YouTube user, set the `ids` parameter value to\n  `channel==CHANNEL_ID`, where `CHANNEL_ID` specifies the unique YouTube\n  channel ID.\n- To request data for a YouTube CMS content owner, set the `ids` parameter\n  value to `contentOwner==OWNER_NAME`, where `OWNER_NAME` is the CMS name\n  of the content owner.\nrequired: true, pattern: [a-zA-Z]+==[a-zA-Z0-9_+-]+"
            },
            "currency": {
              "description": "The currency to which financial metrics should be converted. The default is\nUS Dollar (USD). If the result contains no financial metrics, this flag\nwill be ignored. Responds with an error if the specified currency is not\nrecognized.\",\npattern: [A-Z]{3}",
              "type": "string",
              "location": "query"
            },
            "startIndex": {
              "description": "An index of the first entity to retrieve. Use this parameter as a\npagination mechanism along with the max-results parameter (one-based,\ninclusive).\",\nminValue: 1",
              "format": "int32",
              "type": "integer",
              "location": "query"
            },
            "dimensions": {
              "type": "string",
              "location": "query",
              "description": "A comma-separated list of YouTube Analytics dimensions, such as `views` or\n`ageGroup,gender`. See the [Available\nReports](/youtube/analytics/v2/available_reports) document for a list of\nthe reports that you can retrieve and the dimensions used for those\nreports. Also see the [Dimensions](/youtube/analytics/v2/dimsmets/dims)\ndocument for definitions of those dimensions.\"\npattern: [0-9a-zA-Z,]+"
            },
            "endDate": {
              "description": "The end date for fetching YouTube Analytics data. The value should be in\n`YYYY-MM-DD` format.\nrequired: true, pattern: [0-9]{4}-[0-9]{2}-[0-9]{2}",
              "type": "string",
              "location": "query"
            },
            "maxResults": {
              "location": "query",
              "description": "The maximum number of rows to include in the response.\",\nminValue: 1",
              "format": "int32",
              "type": "integer"
            },
            "filters": {
              "description": "A list of filters that should be applied when retrieving YouTube Analytics\ndata. The [Available Reports](/youtube/analytics/v2/available_reports)\ndocument identifies the dimensions that can be used to filter each report,\nand the [Dimensions](/youtube/analytics/v2/dimsmets/dims)  document defines\nthose dimensions. If a request uses multiple filters, join them together\nwith a semicolon (`;`), and the returned result table will satisfy both\nfilters. For example, a filters parameter value of\n`video==dMH0bHeiRNg;country==IT` restricts the result set to include data\nfor the given video in Italy.\",",
              "type": "string",
              "location": "query"
            },
            "sort": {
              "location": "query",
              "description": "A comma-separated list of dimensions or metrics that determine the sort\norder for YouTube Analytics data. By default the sort order is ascending.\nThe '`-`' prefix causes descending sort order.\",\npattern: [-0-9a-zA-Z,]+",
              "type": "string"
            },
            "startDate": {
              "description": "The start date for fetching YouTube Analytics data. The value should be in\n`YYYY-MM-DD` format.\nrequired: true, pattern: \"[0-9]{4}-[0-9]{2}-[0-9]{2}",
              "type": "string",
              "location": "query"
            }
          },
          "scopes": [
            "https://www.googleapis.com/auth/youtube",
            "https://www.googleapis.com/auth/youtube.readonly",
            "https://www.googleapis.com/auth/youtubepartner",
            "https://www.googleapis.com/auth/yt-analytics-monetary.readonly",
            "https://www.googleapis.com/auth/yt-analytics.readonly"
          ],
          "flatPath": "v2/reports"
        }
      }
    }
  },
  "parameters": {
    "access_token": {
      "location": "query",
      "description": "OAuth access token.",
      "type": "string"
    },
    "key": {
      "location": "query",
      "description": "API key. Your API key identifies your project and provides you with API access, quota, and reports. Required unless you provide an OAuth 2.0 token.",
      "type": "string"
    },
    "upload_protocol": {
      "description": "Upload protocol for media (e.g. \"raw\", \"multipart\").",
      "type": "string",
      "location": "query"
    },
    "quotaUser": {
      "location": "query",
      "description": "Available to use for quota purposes for server-side applications. Can be any arbitrary string assigned to a user, but should not exceed 40 characters.",
      "type": "string"
    },
    "prettyPrint": {
      "description": "Returns response with indentations and line breaks.",
      "type": "boolean",
      "default": "true",
      "location": "query"
    },
    "fields": {
      "location": "query",
      "description": "Selector specifying which fields to include in a partial response.",
      "type": "string"
    },
    "uploadType": {
      "type": "string",
      "location": "query",
      "description": "Legacy upload protocol for media (e.g. \"media\", \"multipart\")."
    },
    "callback": {
      "location": "query",
      "description": "JSONP",
      "type": "string"
    },
    "oauth_token": {
      "location": "query",
      "description": "OAuth 2.0 token for the current user.",
      "type": "string"
    },
    "$.xgafv": {
      "enumDescriptions": [
        "v1 error format",
        "v2 error format"
      ],
      "location": "query",
      "enum": [
        "1",
        "2"
      ],
      "description": "V1 error format.",
      "type": "string"
    },
    "alt": {
      "description": "Data format for response.",
      "default": "json",
      "enum": [
        "json",
        "media",
        "proto"
      ],
      "type": "string",
      "enumDescriptions": [
        "Responses with Content-Type of application/json",
        "Media download with context-dependent Content-Type",
        "Responses with Content-Type of application/x-protobuf"
      ],
      "location": "query"
    }
  },
  "version": "v2",
  "baseUrl": "https://youtubeanalytics.googleapis.com/",
  "servicePath": "",
  "kind": "discovery#restDescription",
  "description": "Retrieves your YouTube Analytics data.",
  "basePath": "",
  "revision": "20190717",
  "documentationLink": "https://developers.google.com/youtube/analytics",
  "id": "youtubeAnalytics:v2"
}
